survived,sibsp,parch,familiares,fare_log,sex_male,embarked_Q,embarked_S,titulo_Miss,titulo_Mr,titulo_Mrs,titulo_Otro,pclass_2,pclass_3,age
0,0.125,0.0,0.1,0.33812548386615277,1.0,0.0,1.0,0.0,1.0,0.0,0.0,0.0,1.0,0.2711736617240512
1,0.125,0.0,0.1,0.6858916529635944,0.0,0.0,0.0,0.0,0.0,1.0,0.0,0.0,0.0,0.4722292033174164
1,0.0,0.0,0.0,0.35072669661240763,0.0,0.0,1.0,1.0,0.0,0.0,0.0,0.0,1.0,0.32143754712239253
1,0.125,0.0,0.1,0.6394627518675874,0.0,0.0,1.0,0.0,0.0,1.0,0.0,0.0,0.0,0.4345312892686604
0,0.0,0.0,0.0,0.3529552840548492,1.0,0.0,1.0,0.0,1.0,0.0,0.0,0.0,1.0,0.4345312892686604
0,0.0,0.0,0.0,0.36002602424862645,1.0,1.0,0.0,0.0,1.0,0.0,0.0,0.0,1.0,0.5953757225434423
0,0.0,0.0,0.0,0.635754966338881,1.0,0.0,1.0,0.0,1.0,0.0,0.0,0.0,0.0,0.6732847449107816
0,0.375,0.16666666666666666,0.4,0.495831873839879,1.0,0.0,1.0,0.0,0.0,0.0,0.0,0.0,1.0,0.01985423473234481
1,0.0,0.3333333333333333,0.2,0.3999337912742493,0.0,0.0,1.0,0.0,0.0,1.0,0.0,0.0,1.0,0.33400351847197784
1,0.125,0.0,0.1,0.5506031046482883,0.0,0.0,0.0,0.0,0.0,1.0,0.0,1.0,0.0,0.17064589092736868
1,0.125,0.16666666666666666,0.2,0.46043946366130095,0.0,0.0,1.0,1.0,0.0,0.0,0.0,0.0,1.0,0.04498617743151546
1,0.0,0.0,0.0,0.5313325505056177,0.0,0.0,1.0,1.0,0.0,0.0,0.0,0.0,0.0,0.723548630309123
0,0.0,0.0,0.0,0.3529552840548492,1.0,0.0,1.0,0.0,1.0,0.0,0.0,0.0,1.0,0.24604171902488062
0,0.125,0.8333333333333333,0.6000000000000001,0.556695873257052,1.0,0.0,1.0,0.0,1.0,0.0,0.0,0.0,1.0,0.4847951746670017
0,0.0,0.0,0.0,0.3494505372759428,0.0,0.0,1.0,1.0,0.0,0.0,0.0,0.0,1.0,0.17064589092736868
1,0.0,0.0,0.0,0.45397386041263804,0.0,0.0,1.0,0.0,0.0,1.0,0.0,1.0,0.0,0.685850716260367
0,0.5,0.16666666666666666,0.5,0.5456498136790771,1.0,1.0,0.0,0.0,0.0,0.0,0.0,0.0,1.0,0.01985423473234481
1,0.0,0.0,0.0,0.42286368807669106,1.0,0.0,1.0,0.0,1.0,0.0,0.0,1.0,0.0,0.3918069866800703
0,0.125,0.0,0.1,0.4717958613762316,0.0,0.0,1.0,0.0,0.0,1.0,0.0,0.0,1.0,0.38426740387031916
1,0.0,0.0,0.0,0.33763919258513786,0.0,0.0,0.0,0.0,0.0,1.0,0.0,0.0,1.0,0.35306518693307937
0,0.0,0.0,0.0,0.5281013477114938,1.0,0.0,1.0,0.0,1.0,0.0,0.0,1.0,0.0,0.4345312892686604
1,0.0,0.0,0.0,0.42286368807669106,1.0,0.0,1.0,0.0,1.0,0.0,0.0,1.0,0.0,0.4219653179190751
1,0.0,0.0,0.0,0.35258659021486516,0.0,1.0,0.0,1.0,0.0,0.0,0.0,0.0,1.0,0.18321186227695402
1,0.0,0.0,0.0,0.5764076106287911,1.0,0.0,1.0,0.0,1.0,0.0,0.0,0.0,0.0,0.34656948982156316
0,0.375,0.16666666666666666,0.4,0.495831873839879,0.0,0.0,1.0,1.0,0.0,0.0,0.0,0.0,1.0,0.09525006282985675
1,0.125,0.8333333333333333,0.6000000000000001,0.5572534209632187,0.0,0.0,1.0,0.0,0.0,1.0,0.0,0.0,1.0,0.4722292033174164
0,0.0,0.0,0.0,0.33763919258513786,1.0,0.0,0.0,0.0,1.0,0.0,0.0,0.0,1.0,0.4575689034095669
0,0.375,0.3333333333333333,0.5,0.8934502391534316,1.0,0.0,1.0,0.0,1.0,0.0,0.0,0.0,0.0,0.2334757476752953
1,0.0,0.0,0.0,0.34990232023989454,0.0,1.0,0.0,1.0,0.0,0.0,0.0,0.0,1.0,0.2334757476752953
0,0.0,0.0,0.0,0.3502016019446998,1.0,0.0,1.0,0.0,1.0,0.0,0.0,0.0,1.0,0.3332646691342293
0,0.0,0.0,0.0,0.5380012918108712,1.0,0.0,0.0,0.0,0.0,0.0,1.0,0.0,0.0,0.49736114601658704
1,0.125,0.0,0.1,0.8001979354812082,0.0,0.0,0.0,0.0,0.0,1.0,0.0,0.0,0.0,0.3375291462188236
1,0.0,0.0,0.0,0.34755366512192026,0.0,1.0,0.0,1.0,0.0,0.0,0.0,0.0,1.0,0.2774566473988439
0,0.0,0.0,0.0,0.39134423619738523,1.0,0.0,1.0,0.0,1.0,0.0,0.0,1.0,0.0,0.8240764011058055
0,0.125,0.0,0.1,0.7083728358165282,1.0,0.0,0.0,0.0,1.0,0.0,0.0,0.0,0.0,0.34656948982156316
0,0.125,0.0,0.1,0.6361712049470615,1.0,0.0,1.0,0.0,1.0,0.0,0.0,0.0,0.0,0.5224930887157577
1,0.0,0.0,0.0,0.3377209927336551,1.0,0.0,0.0,0.0,1.0,0.0,0.0,0.0,1.0,0.3063583815028902
0,0.0,0.0,0.0,0.3529552840548492,1.0,0.0,1.0,0.0,1.0,0.0,0.0,0.0,1.0,0.2586076903744659
0,0.25,0.0,0.2,0.4717958613762316,0.0,0.0,1.0,1.0,0.0,0.0,0.0,0.0,1.0,0.22090977632571
1,0.125,0.0,0.1,0.40135896919365455,0.0,0.0,0.0,1.0,0.0,0.0,0.0,0.0,1.0,0.17064589092736868
0,0.125,0.0,0.1,0.3763856068398255,0.0,0.0,1.0,0.0,0.0,1.0,0.0,0.0,1.0,0.49736114601658704
0,0.125,0.0,0.1,0.4952865544680222,0.0,0.0,1.0,0.0,0.0,1.0,0.0,1.0,0.0,0.33400351847197784
0,0.0,0.0,0.0,0.3502016019446998,1.0,0.0,0.0,0.0,1.0,0.0,0.0,0.0,1.0,0.40102203233643297
1,0.125,0.3333333333333333,0.30000000000000004,0.6010920603306374,0.0,0.0,0.0,1.0,0.0,0.0,0.0,1.0,0.0,0.032420206081930136
1,0.0,0.0,0.0,0.34990232023989454,0.0,1.0,0.0,1.0,0.0,0.0,0.0,0.0,1.0,0.2334757476752953
0,0.0,0.0,0.0,0.3529552840548492,1.0,0.0,1.0,0.0,1.0,0.0,0.0,0.0,1.0,0.2862528273435537
0,0.125,0.0,0.1,0.44919043492360855,1.0,1.0,0.0,0.0,1.0,0.0,0.0,0.0,1.0,0.595375722543353
1,0.0,0.0,0.0,0.34755366512192026,0.0,1.0,0.0,1.0,0.0,0.0,0.0,0.0,1.0,0.2774566473988439
0,0.25,0.0,0.2,0.5001585548138243,1.0,0.0,0.0,0.0,1.0,0.0,0.0,0.0,1.0,0.26997220360320917
0,0.125,0.0,0.1,0.4701002597957256,0.0,0.0,1.0,0.0,0.0,1.0,0.0,0.0,1.0,0.22090977632571
0,0.5,0.16666666666666666,0.5,0.5938102861020564,1.0,0.0,1.0,0.0,0.0,0.0,0.0,0.0,1.0,0.08268409148027142
0,0.0,0.0,0.0,0.34846667530788156,1.0,0.0,1.0,0.0,1.0,0.0,0.0,0.0,1.0,0.2586076903744659
1,0.125,0.0,0.1,0.6975306263001565,0.0,0.0,0.0,0.0,0.0,1.0,0.0,0.0,0.0,0.610454888162855
1,0.125,0.0,0.1,0.5281013477114938,0.0,0.0,1.0,0.0,0.0,1.0,0.0,1.0,0.0,0.35913546117114853
0,0.0,0.16666666666666666,0.1,0.6638133911495926,1.0,0.0,0.0,0.0,1.0,0.0,0.0,0.0,0.0,0.8115104297562202
1,0.0,0.0,0.0,0.5764076106287911,1.0,0.0,1.0,0.0,1.0,0.0,0.0,0.0,0.0,0.4533806619839065
1,0.0,0.0,0.0,0.39134423619738523,0.0,0.0,1.0,1.0,0.0,0.0,0.0,1.0,0.0,0.2586076903744659
0,0.0,0.0,0.0,0.3377209927336551,1.0,0.0,0.0,0.0,1.0,0.0,0.0,0.0,1.0,0.35285247549635584
1,0.125,0.3333333333333333,0.30000000000000004,0.5381641153575258,0.0,0.0,1.0,1.0,0.0,0.0,0.0,1.0,0.0,0.05755214878110078
0,0.625,0.3333333333333333,0.7000000000000001,0.6199594201430055,1.0,0.0,1.0,0.0,0.0,0.0,0.0,0.0,1.0,0.1329479768786127
0,0.0,0.0,0.0,0.3377209927336551,1.0,0.0,0.0,0.0,1.0,0.0,0.0,0.0,1.0,0.2711736617240512
1,0.0,0.0,0.0,0.7041351302819917,0.0,0.0,1.0,1.0,0.0,0.0,0.0,0.0,0.0,0.4722292033174164
0,0.125,0.0,0.1,0.7108659481313712,1.0,0.0,1.0,0.0,1.0,0.0,0.0,0.0,0.0,0.5601910027645137
0,0.375,0.3333333333333333,0.5,0.5389979395502239,1.0,0.0,1.0,0.0,0.0,0.0,0.0,0.0,1.0,0.04498617743151546
0,0.0,0.0,0.0,0.5380012918108712,1.0,0.0,0.0,0.0,1.0,0.0,0.0,0.0,0.0,0.38072887135318517
1,0.125,0.16666666666666666,0.2,0.4467026649062168,1.0,0.0,0.0,0.0,0.0,0.0,0.0,0.0,1.0,0.0825098927570323
1,0.0,0.0,0.0,0.39134423619738523,0.0,0.0,1.0,0.0,0.0,1.0,0.0,1.0,0.0,0.35913546117114853
0,0.0,0.0,0.0,0.3548613843209609,1.0,0.0,1.0,0.0,1.0,0.0,0.0,0.0,1.0,0.2334757476752953
1,0.5,0.3333333333333333,0.6000000000000001,0.35072669661240763,0.0,0.0,1.0,1.0,0.0,0.0,0.0,0.0,1.0,0.20834380497612465
0,0.25,0.0,0.2,0.36344855811683735,1.0,0.0,1.0,0.0,1.0,0.0,0.0,0.0,1.0,0.32143754712239253
0,0.0,0.0,0.0,0.39134423619738523,1.0,0.0,1.0,0.0,1.0,0.0,0.0,1.0,0.0,0.39683337521990447
0,0.625,0.3333333333333333,0.7000000000000001,0.6199594201430055,0.0,0.0,1.0,1.0,0.0,0.0,0.0,0.0,1.0,0.19577783362653933
0,0.0,0.0,0.0,0.6907316473431996,1.0,0.0,1.0,0.0,1.0,0.0,0.0,1.0,0.0,0.2586076903744659
0,0.125,0.0,0.1,0.4386984565615303,1.0,0.0,0.0,0.0,1.0,0.0,0.0,0.0,1.0,0.32143754712239253
1,0.0,0.0,0.0,0.6492173620225161,1.0,0.0,1.0,0.0,1.0,0.0,0.0,0.0,1.0,0.39683337521990447
0,0.0,0.0,0.0,0.345711887900344,1.0,0.0,1.0,0.0,1.0,0.0,0.0,0.0,1.0,0.3088715757728072
0,0.0,0.0,0.0,0.3502016019446998,1.0,0.0,1.0,0.0,1.0,0.0,0.0,0.0,1.0,0.3332646691342293
0,0.0,0.0,0.0,0.3529552840548492,1.0,0.0,1.0,0.0,1.0,0.0,0.0,0.0,1.0,0.2862528273435537
1,0.0,0.3333333333333333,0.2,0.5449835638455501,1.0,0.0,1.0,0.0,0.0,0.0,0.0,1.0,0.0,0.005152048253329982
1,0.0,0.0,0.0,0.4167393940590734,0.0,0.0,1.0,1.0,0.0,0.0,0.0,0.0,1.0,0.37170143252073384
0,0.0,0.0,0.0,0.36894978127505224,1.0,0.0,1.0,0.0,1.0,0.0,0.0,0.0,1.0,0.2711736617240512
1,0.0,0.0,0.0,0.3767675685322775,1.0,0.0,1.0,0.0,1.0,0.0,0.0,0.0,1.0,0.35913546117114853
1,0.0,0.0,0.0,0.34823891001848967,0.0,1.0,0.0,1.0,0.0,0.0,0.0,0.0,1.0,0.26408248311915583
0,0.0,0.0,0.0,0.6206270580010312,1.0,0.0,1.0,0.0,1.0,0.0,0.0,0.0,0.0,0.34656948982156316
1,0.0,0.0,0.0,0.39134423619738523,0.0,0.0,1.0,1.0,0.0,0.0,0.0,1.0,0.0,0.20834380497612465
1,0.375,0.0,0.30000000000000004,0.45255376673825426,0.0,0.0,1.0,0.0,0.0,1.0,0.0,0.0,1.0,0.4093993465694898
0,0.125,0.5,0.4,0.5713912159474593,1.0,0.0,1.0,0.0,1.0,0.0,0.0,0.0,1.0,0.19577783362653933
0,0.0,0.0,0.0,0.3529552840548492,1.0,0.0,1.0,0.0,1.0,0.0,0.0,0.0,1.0,0.2862528273435537
1,0.375,0.3333333333333333,0.5,0.8934502391534316,0.0,0.0,1.0,1.0,0.0,0.0,0.0,0.0,0.0,0.2837396330736366
0,0.0,0.0,0.0,0.3529552840548492,1.0,0.0,1.0,0.0,1.0,0.0,0.0,0.0,1.0,0.2963056044232219
0,0.0,0.0,0.0,0.3529552840548492,1.0,0.0,1.0,0.0,1.0,0.0,0.0,0.0,1.0,0.35913546117114853
0,0.0,0.0,0.0,0.3494505372759428,1.0,0.0,1.0,0.0,1.0,0.0,0.0,0.0,1.0,0.24604171902488062
0,0.125,0.0,0.1,0.6617541548663702,1.0,0.0,1.0,0.0,1.0,0.0,0.0,0.0,0.0,0.5727569741140991
0,0.125,0.3333333333333333,0.30000000000000004,0.49216085751035477,1.0,0.0,1.0,0.0,1.0,0.0,0.0,0.0,1.0,0.32143754712239253
0,0.0,0.0,0.0,0.33812548386615277,1.0,0.0,1.0,0.0,1.0,0.0,0.0,0.0,1.0,0.7361146016587082
0,0.0,0.0,0.0,0.3529552840548492,1.0,0.0,1.0,0.0,1.0,0.0,0.0,0.0,1.0,0.2862528273435537
0,0.0,0.0,0.0,0.5726509019154723,1.0,0.0,0.0,0.0,1.0,0.0,0.0,0.0,0.0,0.8869062578537321
1,0.0,0.16666666666666666,0.1,0.6672842582473822,1.0,0.0,0.0,0.0,1.0,0.0,0.0,0.0,0.0,0.2837396330736366
1,0.0,0.16666666666666666,0.1,0.5092286357428653,0.0,0.0,1.0,0.0,0.0,1.0,0.0,1.0,0.0,0.4219653179190751
0,0.125,0.0,0.1,0.5281013477114938,1.0,0.0,1.0,0.0,1.0,0.0,0.0,1.0,0.0,0.4219653179190751
0,0.0,0.0,0.0,0.3502016019446998,0.0,0.0,1.0,1.0,0.0,0.0,0.0,0.0,1.0,0.34656948982156316
0,0.0,0.0,0.0,0.3502016019446998,1.0,0.0,1.0,0.0,1.0,0.0,0.0,0.0,1.0,0.3332646691342293
0,0.0,0.16666666666666666,0.1,0.698677405898743,1.0,0.0,1.0,0.0,1.0,0.0,0.0,0.0,0.0,0.2586076903744659
0,0.0,0.0,0.0,0.3633108603971507,1.0,0.0,1.0,0.0,1.0,0.0,0.0,0.0,1.0,0.4093993465694898
0,0.25,0.0,0.2,0.35072669661240763,1.0,0.0,1.0,0.0,1.0,0.0,0.0,0.0,1.0,0.4596632319678311
0,0.0,0.0,0.0,0.3502016019446998,1.0,0.0,1.0,0.0,1.0,0.0,0.0,0.0,1.0,0.34656948982156316
1,0.0,0.0,0.0,0.345711887900344,0.0,0.0,1.0,1.0,0.0,0.0,0.0,0.0,1.0,0.2586076903744659
1,0.0,0.0,0.0,0.34801082050793586,1.0,0.0,1.0,0.0,1.0,0.0,0.0,0.0,1.0,0.4093993465694898
0,0.0,0.0,0.0,0.3502016019446998,1.0,0.0,1.0,0.0,1.0,0.0,0.0,0.0,1.0,0.4722292033174164
1,0.125,0.0,0.1,0.5167281848535599,0.0,1.0,0.0,1.0,0.0,0.0,0.0,0.0,1.0,0.2495777005898466
0,0.0,0.0,0.0,0.6361712049470615,1.0,0.0,1.0,0.0,1.0,0.0,0.0,0.0,0.0,0.5853229454636844
0,0.125,0.0,0.1,0.4386984565615303,0.0,0.0,0.0,1.0,0.0,0.0,0.0,0.0,1.0,0.17692887660216136
0,0.0,0.0,0.0,0.3529552840548492,1.0,0.0,1.0,0.0,1.0,0.0,0.0,0.0,1.0,0.2711736617240512
0,0.125,0.0,0.1,0.38165194930393287,0.0,0.0,1.0,1.0,0.0,0.0,0.0,0.0,1.0,0.24604171902488062
0,0.0,0.0,0.0,0.43874096070747076,0.0,0.0,0.0,1.0,0.0,0.0,0.0,0.0,1.0,0.20834380497612465
0,0.0,0.0,0.0,0.35072669661240763,1.0,0.0,1.0,0.0,1.0,0.0,0.0,0.0,1.0,0.2586076903744659
0,0.0,0.0,0.0,0.34755366512192026,1.0,1.0,0.0,0.0,1.0,0.0,0.0,0.0,1.0,0.8806232721789394
0,0.125,0.0,0.1,0.4952865544680222,1.0,0.0,1.0,0.0,1.0,0.0,0.0,1.0,0.0,0.35913546117114853
0,0.0,0.16666666666666666,0.1,0.8837685600885564,1.0,0.0,0.0,0.0,1.0,0.0,0.0,0.0,0.0,0.2963056044232219
0,0.5,0.3333333333333333,0.6000000000000001,0.556695873257052,0.0,0.0,1.0,1.0,0.0,0.0,0.0,0.0,1.0,0.01985423473234481
0,0.25,0.0,0.2,0.6907316473431996,1.0,0.0,1.0,0.0,1.0,0.0,0.0,1.0,0.0,0.2586076903744659
0,0.0,0.0,0.0,0.3529552840548492,1.0,0.0,1.0,0.0,1.0,0.0,0.0,0.0,1.0,0.2862528273435537
0,0.125,0.0,0.1,0.5506031046482883,1.0,0.0,0.0,0.0,1.0,0.0,0.0,1.0,0.0,0.40311636089469716
1,0.0,0.0,0.0,0.42286368807669106,0.0,0.0,1.0,1.0,0.0,0.0,0.0,1.0,0.0,0.40311636089469716
0,0.0,0.16666666666666666,0.1,0.698677405898743,1.0,0.0,1.0,0.0,1.0,0.0,0.0,0.0,0.0,0.6732847449107816
1,0.125,0.0,0.1,0.40135896919365455,1.0,0.0,0.0,0.0,0.0,0.0,0.0,0.0,1.0,0.14551394822819805
0,0.0,0.0,0.0,0.34755366512192026,1.0,1.0,0.0,0.0,1.0,0.0,0.0,0.0,1.0,0.648152802211611
1,0.0,0.0,0.0,0.3360081353775779,1.0,0.0,1.0,0.0,1.0,0.0,0.0,0.0,1.0,0.2963056044232219
1,0.125,0.16666666666666666,0.2,0.5048860932177652,0.0,0.0,0.0,1.0,0.0,0.0,0.0,0.0,1.0,0.08516677772086521
0,0.0,0.0,0.0,0.33269334148249674,1.0,0.0,1.0,0.0,1.0,0.0,0.0,0.0,1.0,0.5601910027645137
0,0.0,0.0,0.0,0.3502016019446998,1.0,0.0,0.0,0.0,1.0,0.0,0.0,0.0,1.0,0.4093993465694898
0,0.0,0.0,0.0,0.3341931919415684,1.0,0.0,1.0,0.0,1.0,0.0,0.0,0.0,1.0,0.24604171902488062
0,0.125,0.0,0.1,0.43917261968469046,0.0,0.0,1.0,0.0,0.0,1.0,0.0,0.0,1.0,0.5853229454636844
1,0.125,0.0,0.1,0.5281013477114938,0.0,0.0,1.0,0.0,0.0,1.0,0.0,1.0,0.0,0.35913546117114853
0,0.0,0.0,0.0,0.42286368807669106,1.0,0.0,1.0,0.0,1.0,0.0,0.0,1.0,0.0,0.3088715757728072
0,0.0,0.0,0.0,0.44471781555828604,1.0,0.0,0.0,0.0,1.0,0.0,0.0,1.0,0.0,0.2837396330736366
1,0.0,0.3333333333333333,0.2,0.5297738466092561,0.0,0.0,1.0,1.0,0.0,0.0,0.0,0.0,0.0,0.2334757476752953
0,0.125,0.0,0.1,0.6394627518675874,1.0,0.0,1.0,0.0,1.0,0.0,0.0,0.0,0.0,0.4596632319678311
0,0.0,0.0,0.0,0.3723849402651219,1.0,0.0,1.0,0.0,1.0,0.0,0.0,0.0,1.0,0.19577783362653933
0,0.0,0.0,0.0,0.7025447166880028,1.0,0.0,0.0,0.0,1.0,0.0,0.0,0.0,0.0,0.2963056044232219
0,0.0,0.3333333333333333,0.2,0.4467026649062168,0.0,0.0,0.0,0.0,0.0,1.0,0.0,0.0,1.0,0.35913546117114853
1,0.0,0.0,0.0,0.34755366512192026,0.0,0.0,1.0,1.0,0.0,0.0,0.0,0.0,1.0,0.2711736617240512
1,0.125,0.0,0.1,0.45255376673825426,0.0,0.0,1.0,0.0,0.0,1.0,0.0,0.0,1.0,0.2963056044232219
0,0.0,0.0,0.0,0.32810766862723467,1.0,1.0,0.0,0.0,1.0,0.0,0.0,0.0,1.0,0.2334757476752953
0,0.0,0.0,0.0,0.40470470937773706,1.0,0.0,1.0,0.0,1.0,0.0,0.0,1.0,0.0,0.22090977632571
0,0.125,0.16666666666666666,0.2,0.5818031659922842,1.0,0.0,1.0,0.0,1.0,0.0,0.0,1.0,0.0,0.2334757476752953
1,0.0,0.0,0.0,0.348390182281133,1.0,0.0,1.0,0.0,1.0,0.0,0.0,0.0,1.0,0.33400351847197784
0,0.25,0.3333333333333333,0.4,0.5713912159474593,0.0,0.0,1.0,1.0,0.0,0.0,0.0,0.0,1.0,0.10781603417944208
0,0.0,0.3333333333333333,0.2,0.5281013477114938,1.0,0.0,1.0,0.0,1.0,0.0,0.0,1.0,0.0,0.4533802462930384
0,0.0,0.0,0.0,0.42286368807669106,1.0,0.0,1.0,0.0,0.0,0.0,1.0,1.0,0.0,0.5224930887157577
0,0.0,0.0,0.0,0.41733284975267587,1.0,0.0,1.0,0.0,0.0,0.0,1.0,1.0,0.0,0.6355868308620256
1,0.125,0.0,0.1,0.675158433212671,0.0,0.0,1.0,0.0,0.0,1.0,0.0,0.0,0.0,0.2711736617240512
0,0.0,0.0,0.0,0.3529552840548492,1.0,0.0,1.0,0.0,1.0,0.0,0.0,0.0,1.0,0.6921337019351597
0,0.0,0.3333333333333333,0.2,0.43917261968469046,1.0,0.0,1.0,0.0,1.0,0.0,0.0,0.0,1.0,0.5036441316913798
0,0.0,0.0,0.0,0.3393347941656439,1.0,0.0,1.0,0.0,1.0,0.0,0.0,0.0,1.0,0.3515958783623775
0,0.0,0.16666666666666666,0.1,0.6622795418565016,1.0,0.0,0.0,0.0,1.0,0.0,0.0,0.0,0.0,0.6355868308620256
1,0.0,0.0,0.0,0.34724755706710003,0.0,1.0,0.0,1.0,0.0,0.0,0.0,0.0,1.0,0.19577783362653933
0,0.0,0.0,0.0,0.3529552840548492,1.0,0.0,1.0,0.0,1.0,0.0,0.0,0.0,1.0,0.37170143252073384
0,0.0,0.0,0.0,0.36344855811683735,1.0,0.0,1.0,0.0,1.0,0.0,0.0,0.0,1.0,0.34359040313521455
0,1.0,0.3333333333333333,1.0,0.682002570512027,1.0,0.0,1.0,0.0,0.0,0.0,0.0,0.0,1.0,0.07852428762340766
0,0.0,0.16666666666666666,0.1,0.45491364524217526,1.0,0.0,1.0,0.0,1.0,0.0,0.0,0.0,1.0,0.5476250314149284
1,0.0,0.0,0.0,0.45159999693344244,0.0,0.0,1.0,0.0,0.0,1.0,0.0,1.0,0.0,0.49736114601658704
0,0.0,0.0,0.0,0.34801082050793586,1.0,0.0,1.0,0.0,1.0,0.0,0.0,0.0,1.0,0.32143754712239253
0,0.0,0.0,0.0,0.36344855811683735,1.0,0.0,1.0,0.0,1.0,0.0,0.0,0.0,1.0,0.20834380497612465
0,0.5,0.16666666666666666,0.5,0.5938102861020564,1.0,0.0,1.0,0.0,0.0,0.0,0.0,0.0,1.0,0.007288263382759488
1,0.0,0.3333333333333333,0.2,0.491789087380451,1.0,0.0,1.0,0.0,0.0,0.0,0.0,0.0,1.0,0.10781603417944208
1,0.0,0.16666666666666666,0.1,0.6449935901916027,0.0,0.0,1.0,0.0,0.0,1.0,0.0,0.0,0.0,0.6388057057897302
0,0.125,0.6666666666666666,0.5,0.5389979395502239,0.0,0.0,1.0,0.0,0.0,1.0,0.0,0.0,1.0,0.5601910027645137
0,0.0,0.0,0.0,0.5276556371206051,1.0,0.0,1.0,0.0,1.0,0.0,0.0,0.0,0.0,0.6614616015801593
0,0.0,0.0,0.0,0.6492173620225161,1.0,0.0,1.0,0.0,1.0,0.0,0.0,0.0,1.0,0.34656948982156316
0,0.0,0.0,0.0,0.5673780187678832,1.0,0.0,1.0,0.0,1.0,0.0,0.0,0.0,0.0,0.7612465443578789
0,0.5,0.16666666666666666,0.5,0.5456498136790771,1.0,1.0,0.0,0.0,0.0,0.0,0.0,0.0,1.0,0.04498617743151546
1,0.125,0.16666666666666666,0.2,0.3999337912742493,0.0,0.0,1.0,1.0,0.0,0.0,0.0,0.0,1.0,0.007288263382759488
0,0.0,0.0,0.0,0.35072669661240763,1.0,0.0,1.0,0.0,1.0,0.0,0.0,0.0,1.0,0.2586076903744659
0,0.0,0.0,0.0,0.5537942554801266,1.0,0.0,0.0,0.0,1.0,0.0,0.0,0.0,0.0,0.6984166876099522
0,0.125,0.16666666666666666,0.2,0.3494505372759428,1.0,0.0,1.0,0.0,1.0,0.0,0.0,0.0,1.0,0.22090977632571
0,0.375,0.16666666666666666,0.4,0.5249047780663141,1.0,0.0,1.0,0.0,0.0,0.0,0.0,0.0,1.0,0.034028458006040915
0,0.0,0.0,0.0,0.543440593729386,0.0,0.0,0.0,1.0,0.0,0.0,0.0,0.0,0.0,0.6230208595124404
0,0.0,0.0,0.0,0.42286368807669106,1.0,0.0,1.0,0.0,1.0,0.0,0.0,1.0,0.0,0.37170143252073384
0,0.0,0.0,0.0,0.0,1.0,0.0,1.0,0.0,1.0,0.0,0.0,0.0,1.0,0.4470972606182458
0,1.0,0.3333333333333333,1.0,0.682002570512027,0.0,0.0,1.0,1.0,0.0,0.0,0.0,0.0,1.0,0.10882958912166486
0,0.0,0.0,0.0,0.4447597511380872,1.0,0.0,0.0,0.0,1.0,0.0,0.0,1.0,0.0,0.28409655999001465
0,0.5,0.3333333333333333,0.6000000000000001,0.5572534209632187,1.0,0.0,1.0,0.0,0.0,0.0,0.0,0.0,1.0,0.10781603417944208
1,0.25,0.16666666666666666,0.30000000000000004,0.5910796833899638,1.0,0.0,1.0,0.0,0.0,0.0,0.0,1.0,0.0,0.007288263382759488
1,0.0,0.3333333333333333,0.2,0.5025832588136308,0.0,0.0,1.0,1.0,0.0,0.0,0.0,0.0,1.0,0.04498617743151546
0,0.0,0.0,0.0,0.6300076429831359,1.0,0.0,1.0,0.0,1.0,0.0,0.0,0.0,0.0,0.4596028917407985
1,0.125,0.0,0.1,0.44919043492360855,0.0,1.0,0.0,0.0,0.0,1.0,0.0,0.0,1.0,0.3973536136594151
1,0.0,0.0,0.0,0.5313325505056177,1.0,0.0,1.0,0.0,1.0,0.0,0.0,0.0,0.0,0.5601910027645137
0,0.125,0.16666666666666666,0.2,0.44919043492360855,1.0,1.0,0.0,0.0,1.0,0.0,0.0,0.0,1.0,0.49736114601658704
0,0.0,0.0,0.0,0.3502016019446998,1.0,0.0,1.0,0.0,1.0,0.0,0.0,0.0,1.0,0.4470972606182458
1,0.0,0.0,0.0,0.42286368807669106,0.0,0.0,1.0,0.0,0.0,1.0,0.0,1.0,0.0,0.39683337521990447
0,0.0,0.0,0.0,0.42286368807669106,1.0,0.0,1.0,0.0,1.0,0.0,0.0,1.0,0.0,0.2334757476752953
1,0.125,0.0,0.1,0.3494505372759428,0.0,0.0,1.0,1.0,0.0,0.0,0.0,0.0,1.0,0.2334757476752953
1,0.125,0.16666666666666666,0.2,0.5281013477114938,1.0,0.0,1.0,0.0,0.0,0.0,0.0,1.0,0.0,0.032420206081930136
1,0.0,0.0,0.0,0.5380012918108712,0.0,0.0,0.0,0.0,0.0,1.0,0.0,0.0,0.0,0.5476250314149284
1,0.0,0.0,0.0,0.8001979354812082,0.0,0.0,0.0,1.0,0.0,0.0,0.0,0.0,0.0,0.723548630309123
0,0.0,0.0,0.0,0.34755366512192026,1.0,1.0,0.0,0.0,1.0,0.0,0.0,0.0,1.0,0.648152802211611
0,0.0,0.16666666666666666,0.1,0.3591068861516606,1.0,0.0,1.0,0.0,1.0,0.0,0.0,0.0,1.0,0.5224930887157577
1,0.0,0.0,0.0,0.34755366512192026,0.0,1.0,0.0,1.0,0.0,0.0,0.0,0.0,1.0,0.2774566473988439
0,0.0,0.0,0.0,0.42286368807669106,0.0,0.0,1.0,1.0,0.0,0.0,0.0,1.0,0.0,0.2963056044232219
0,0.0,0.0,0.0,0.3767675685322775,1.0,0.0,1.0,0.0,1.0,0.0,0.0,0.0,1.0,0.34656948982156316
0,1.0,0.3333333333333333,1.0,0.682002570512027,1.0,0.0,1.0,0.0,1.0,0.0,0.0,0.0,1.0,0.22511557811650285
0,0.0,0.0,0.0,0.32276390619844325,1.0,0.0,1.0,0.0,1.0,0.0,0.0,0.0,1.0,0.4219653179190751
0,0.0,0.0,0.0,0.33763919258513786,1.0,0.0,0.0,0.0,1.0,0.0,0.0,0.0,1.0,0.5664739884393064
1,0.0,0.0,0.0,0.3529552840548492,1.0,0.0,1.0,0.0,1.0,0.0,0.0,0.0,1.0,0.22090977632571
0,0.0,0.16666666666666666,0.1,0.3908208840039565,0.0,0.0,1.0,1.0,0.0,0.0,0.0,0.0,1.0,0.01985423473234481
0,0.125,0.0,0.1,0.45255376673825426,1.0,0.0,1.0,0.0,1.0,0.0,0.0,0.0,1.0,0.39683337521990447
1,0.0,0.0,0.0,0.4783031492847506,1.0,0.0,0.0,0.0,1.0,0.0,0.0,0.0,1.0,0.32143754712239253
1,0.0,0.0,0.0,0.34755366512192026,0.0,1.0,0.0,1.0,0.0,0.0,0.0,0.0,1.0,0.19577783362653933
1,0.0,0.0,0.0,0.5553247552872789,1.0,0.0,0.0,0.0,1.0,0.0,0.0,0.0,0.0,0.49736114601658704
0,0.0,0.0,0.0,0.3341931919415684,1.0,0.0,1.0,0.0,1.0,0.0,0.0,0.0,1.0,0.2963056044232219
1,0.0,0.0,0.0,0.4952865544680222,0.0,0.0,1.0,1.0,0.0,0.0,0.0,1.0,0.0,0.4345312892686604
0,0.0,0.0,0.0,0.33812548386615277,1.0,0.0,1.0,0.0,1.0,0.0,0.0,0.0,1.0,0.2711736617240512
0,0.0,0.0,0.0,0.42286368807669106,1.0,0.0,1.0,0.0,1.0,0.0,0.0,1.0,0.0,0.37170143252073384
0,0.125,0.0,0.1,0.34755366512192026,1.0,1.0,0.0,0.0,1.0,0.0,0.0,0.0,1.0,0.5953757225433531
1,0.125,0.0,0.1,0.7592806561689714,0.0,0.0,0.0,1.0,0.0,0.0,0.0,0.0,0.0,0.38426740387031916
1,0.0,0.0,0.0,0.35072669661240763,0.0,0.0,1.0,1.0,0.0,0.0,0.0,0.0,1.0,0.33400351847197784
0,0.125,0.0,0.1,0.5339286391341469,1.0,0.0,1.0,0.0,1.0,0.0,0.0,1.0,0.0,0.5224930887157577
1,0.0,0.0,0.0,0.6966262055441308,0.0,0.0,0.0,1.0,0.0,0.0,0.0,0.0,0.0,0.39683337521990447
0,0.0,0.0,0.0,0.39134423619738523,1.0,0.0,1.0,0.0,1.0,0.0,0.0,1.0,0.0,0.37170143252073384
1,0.0,0.0,0.0,0.3529552840548492,1.0,0.0,1.0,0.0,1.0,0.0,0.0,0.0,1.0,0.19577783362653933
0,0.0,0.0,0.0,0.42286368807669106,1.0,0.0,1.0,0.0,1.0,0.0,0.0,1.0,0.0,0.33400351847197784
0,0.0,0.0,0.0,0.3529552840548492,1.0,0.0,1.0,0.0,1.0,0.0,0.0,0.0,1.0,0.6355868308620256
0,0.0,0.0,0.0,0.3502016019446998,1.0,0.0,1.0,0.0,1.0,0.0,0.0,0.0,1.0,0.3332646691342293
1,0.125,0.0,0.1,0.7227878932056411,1.0,0.0,1.0,0.0,1.0,0.0,0.0,0.0,0.0,0.4722292033174164
0,0.0,0.0,0.0,0.37446202006332885,1.0,0.0,1.0,0.0,1.0,0.0,0.0,0.0,1.0,0.2711736617240512
1,0.0,0.0,0.0,0.39134423619738523,1.0,0.0,1.0,0.0,1.0,0.0,0.0,1.0,0.0,0.2334757476752953
0,0.0,0.0,0.0,0.33812548386615277,1.0,0.0,1.0,0.0,1.0,0.0,0.0,0.0,1.0,0.2523247046996733
0,0.0,0.0,0.0,0.42286368807669106,1.0,0.0,1.0,0.0,1.0,0.0,0.0,1.0,0.0,0.22090977632571
0,0.375,0.16666666666666666,0.4,0.5249047780663141,0.0,0.0,1.0,1.0,0.0,0.0,0.0,0.0,1.0,0.07473153948490589
1,0.125,0.0,0.1,0.7108659481313712,0.0,0.0,1.0,0.0,0.0,1.0,0.0,0.0,0.0,0.4345312892686604
0,0.0,0.0,0.0,0.34801082050793586,1.0,0.0,1.0,0.0,1.0,0.0,0.0,0.0,1.0,0.35913546117114853
0,0.0,0.0,0.0,0.42848647040443827,1.0,0.0,1.0,0.0,1.0,0.0,0.0,1.0,0.0,0.7361146016587082
1,0.5,0.3333333333333333,0.6000000000000001,0.5572534209632187,0.0,0.0,1.0,1.0,0.0,0.0,0.0,0.0,1.0,0.05755214878110078
0,0.0,0.0,0.0,0.39134423619738523,1.0,0.0,1.0,0.0,1.0,0.0,0.0,1.0,0.0,0.2963056044232219
0,0.0,0.0,0.0,0.34384869418471947,0.0,0.0,1.0,1.0,0.0,0.0,0.0,0.0,1.0,0.2837396330736366
0,0.125,0.0,0.1,0.5281013477114938,1.0,0.0,1.0,0.0,1.0,0.0,0.0,1.0,0.0,0.5476250314149284
1,0.0,0.3333333333333333,0.2,0.5295781586642772,0.0,0.0,1.0,1.0,0.0,0.0,0.0,1.0,0.0,0.09525006282985675
0,0.0,0.0,0.0,0.39134423619738523,1.0,0.0,1.0,0.0,1.0,0.0,0.0,1.0,0.0,0.2334757476752953
0,0.0,0.0,0.0,0.4143433441168874,1.0,0.0,1.0,0.0,1.0,0.0,0.0,1.0,0.0,0.4093993465694898
0,0.125,0.0,0.1,0.4386984565615303,0.0,0.0,0.0,1.0,0.0,0.0,0.0,0.0,1.0,0.1769288762665019
1,0.125,0.0,0.1,0.44919043492360855,0.0,1.0,0.0,1.0,0.0,0.0,0.0,0.0,1.0,0.24960198083430082
0,0.0,0.0,0.0,0.39134423619738523,1.0,0.0,1.0,0.0,1.0,0.0,0.0,1.0,0.0,0.35913546117114853
0,0.0,0.0,0.0,0.3356791332316349,1.0,0.0,1.0,0.0,1.0,0.0,0.0,0.0,1.0,0.2711736617240512
0,0.0,0.0,0.0,0.33763919258513786,1.0,0.0,0.0,0.0,1.0,0.0,0.0,0.0,1.0,0.37170143252073384
0,0.25,0.0,0.2,0.7227878932056411,1.0,1.0,0.0,0.0,0.0,0.0,1.0,0.0,0.0,0.5476250314149284
0,0.0,0.0,0.0,0.34801082050793586,0.0,0.0,1.0,1.0,0.0,0.0,0.0,0.0,1.0,0.3088715757728072
1,0.0,0.3333333333333333,0.2,0.43917261968469046,0.0,0.0,1.0,0.0,0.0,1.0,0.0,1.0,0.0,0.2963056044232219
1,0.125,0.16666666666666666,0.2,0.6378379970302275,1.0,0.0,1.0,0.0,1.0,0.0,0.0,0.0,0.0,0.4596632319678311
0,0.125,0.0,0.1,0.5281013477114938,1.0,0.0,1.0,0.0,0.0,0.0,1.0,1.0,0.0,0.6732847449107816
0,0.0,0.0,0.0,0.33812548386615277,1.0,0.0,1.0,0.0,1.0,0.0,0.0,0.0,1.0,0.4470972606182458
0,0.125,0.16666666666666666,0.2,0.3908208840039565,0.0,0.0,1.0,0.0,0.0,1.0,0.0,0.0,1.0,0.35913546117114853
0,0.0,0.0,0.0,0.5313325505056177,1.0,0.0,1.0,0.0,1.0,0.0,0.0,0.0,0.0,0.7738125157074642
0,0.125,0.0,0.1,0.45491364524217526,1.0,0.0,1.0,0.0,1.0,0.0,0.0,0.0,1.0,0.37170143252073384
0,0.0,0.3333333333333333,0.2,0.4894457748636945,0.0,0.0,1.0,0.0,0.0,1.0,0.0,0.0,1.0,0.5099271173661725
1,0.0,0.3333333333333333,0.2,0.4467026649062168,0.0,0.0,0.0,0.0,0.0,1.0,0.0,0.0,1.0,0.35913546117114853
1,0.0,0.0,0.0,0.7025447166880028,0.0,0.0,0.0,0.0,0.0,1.0,0.0,0.0,0.0,0.5431980762307866
1,0.0,0.0,0.0,0.7165034463969725,0.0,0.0,1.0,1.0,0.0,0.0,0.0,0.0,0.0,0.37170143252073384
1,0.0,0.0,0.0,1.0,0.0,0.0,0.0,1.0,0.0,0.0,0.0,0.0,0.0,0.4345312892686604
1,0.0,0.16666666666666666,0.1,0.5281013477114938,0.0,0.0,1.0,0.0,0.0,1.0,0.0,1.0,0.0,0.6230208595124404
0,0.0,0.0,0.0,0.34755366512192026,1.0,1.0,0.0,0.0,1.0,0.0,0.0,0.0,1.0,0.648152802211611
1,0.5,0.3333333333333333,0.6000000000000001,0.5572534209632187,1.0,0.0,1.0,0.0,0.0,0.0,0.0,0.0,1.0,0.032420206081930136
0,0.125,0.16666666666666666,0.2,0.7034412659259898,1.0,0.0,1.0,0.0,1.0,0.0,0.0,0.0,0.0,0.648152802211611
0,0.0,0.0,0.0,0.0,1.0,0.0,1.0,0.0,1.0,0.0,0.0,0.0,0.0,0.49736114601658704
0,0.0,0.0,0.0,0.34755366512192026,0.0,1.0,0.0,1.0,0.0,0.0,0.0,0.0,1.0,0.2774566473988439
0,0.0,0.0,0.0,0.39134423619738523,1.0,0.0,1.0,0.0,1.0,0.0,0.0,1.0,0.0,0.4470972606182458
0,0.5,0.16666666666666666,0.5,0.5938102861020564,1.0,0.0,1.0,0.0,1.0,0.0,0.0,0.0,1.0,0.19577783362653933
1,0.125,0.0,0.1,0.34801082050793586,1.0,0.0,1.0,0.0,1.0,0.0,0.0,0.0,1.0,0.3088715757728072
1,0.0,0.16666666666666666,0.1,0.8075657891202526,0.0,0.0,1.0,0.0,0.0,1.0,0.0,0.0,0.0,0.723548630309123
1,0.0,0.0,0.0,0.787913124843811,0.0,0.0,1.0,1.0,0.0,0.0,0.0,0.0,0.0,0.4345312892686604
0,0.0,0.0,0.0,0.5553247552872789,1.0,0.0,1.0,0.0,1.0,0.0,0.0,0.0,0.0,0.5886363883978596
1,0.0,0.0,0.0,0.0,1.0,0.0,1.0,0.0,1.0,0.0,0.0,0.0,1.0,0.3088715757728072
1,0.0,0.16666666666666666,0.1,0.48397130012322576,0.0,0.0,1.0,0.0,0.0,1.0,0.0,1.0,0.0,0.5099271173661725
0,0.0,0.16666666666666666,0.1,0.5486793783580444,1.0,0.0,0.0,0.0,1.0,0.0,0.0,0.0,0.0,0.4596632319678311
1,0.0,0.0,0.0,0.34755366512192026,0.0,1.0,0.0,1.0,0.0,0.0,0.0,0.0,1.0,0.2774566473988439
1,0.125,0.0,0.1,0.7000444993352338,0.0,0.0,1.0,1.0,0.0,0.0,0.0,0.0,0.0,0.7863784870570495
0,0.0,0.0,0.0,0.34755366512192026,0.0,0.0,1.0,1.0,0.0,0.0,0.0,0.0,1.0,0.5601910027645137
0,0.0,0.0,0.0,0.0,1.0,0.0,1.0,0.0,1.0,0.0,0.0,1.0,0.0,0.4144257351093239
0,0.5,0.16666666666666666,0.5,0.5456498136790771,1.0,1.0,0.0,0.0,0.0,0.0,0.0,0.0,1.0,0.08268409148027142
1,0.125,0.16666666666666666,0.2,0.4897287885153229,0.0,0.0,1.0,0.0,0.0,1.0,0.0,0.0,1.0,0.4345312892686604
0,0.0,0.0,0.0,0.34755366512192026,1.0,1.0,0.0,0.0,1.0,0.0,0.0,0.0,1.0,0.8115104297562202
0,0.0,0.0,0.0,0.3494505372759428,1.0,0.0,1.0,0.0,1.0,0.0,0.0,0.0,1.0,0.34656948982156316
0,0.0,0.0,0.0,0.3767675685322775,1.0,0.0,1.0,0.0,1.0,0.0,0.0,0.0,1.0,0.19577783362653933
1,0.0,0.0,0.0,0.3529552840548492,1.0,0.0,1.0,0.0,1.0,0.0,0.0,0.0,1.0,0.2334757476752953
0,0.0,0.0,0.0,0.5281013477114938,1.0,0.0,1.0,0.0,1.0,0.0,0.0,0.0,0.0,0.7989444584066349
0,0.0,0.0,0.0,0.36344855811683735,1.0,0.0,0.0,0.0,1.0,0.0,0.0,0.0,1.0,0.4093993465694898
1,0.0,0.0,0.0,0.3767675685322775,1.0,0.0,1.0,0.0,1.0,0.0,0.0,0.0,1.0,0.37170143252073384
0,0.0,0.0,0.0,0.3502016019446998,1.0,0.0,1.0,0.0,1.0,0.0,0.0,0.0,1.0,0.2711736617240512
1,0.0,0.0,0.0,0.42286368807669106,1.0,0.0,1.0,0.0,1.0,0.0,0.0,1.0,0.0,0.5224930887157577
1,0.0,0.0,0.0,0.34755366512192026,0.0,1.0,0.0,1.0,0.0,0.0,0.0,0.0,1.0,0.2711736617240512
1,0.0,0.0,0.0,0.7018439158340847,0.0,0.0,1.0,1.0,0.0,0.0,0.0,0.0,0.0,0.32143754712239253
1,0.125,0.0,0.1,0.7246769696172585,0.0,0.0,0.0,0.0,0.0,1.0,0.0,0.0,0.0,0.2334757476752953
0,0.0,0.0,0.0,0.4214266124878081,1.0,0.0,0.0,0.0,1.0,0.0,0.0,1.0,0.0,0.4470972606182458
0,0.0,0.0,0.0,0.3665280799528062,0.0,0.0,1.0,1.0,0.0,0.0,0.0,0.0,1.0,0.2963056044232219
0,0.0,0.0,0.0,0.3502016019446998,1.0,0.0,1.0,0.0,1.0,0.0,0.0,0.0,1.0,0.2963056044232219
0,0.0,0.0,0.0,0.5380012918108712,1.0,0.0,0.0,0.0,1.0,0.0,0.0,0.0,0.0,0.38072887135318517
0,0.0,0.0,0.0,0.3377209927336551,1.0,0.0,0.0,0.0,1.0,0.0,0.0,0.0,1.0,0.2900226187484292
0,0.125,0.3333333333333333,0.30000000000000004,0.8055694580427181,0.0,0.0,1.0,1.0,0.0,0.0,0.0,0.0,0.0,0.01985423473234481
1,0.0,0.0,0.0,0.5528013511027754,1.0,0.0,1.0,0.0,1.0,0.0,0.0,0.0,0.0,0.685850716260367
1,0.0,0.16666666666666666,0.1,0.8837685600885564,0.0,0.0,0.0,0.0,0.0,1.0,0.0,0.0,0.0,0.6230208595124404
1,0.0,0.0,0.0,0.34755366512192026,0.0,1.0,0.0,1.0,0.0,0.0,0.0,0.0,1.0,0.2774566473988439
1,0.25,0.0,0.2,0.5108890946860756,1.0,1.0,0.0,0.0,1.0,0.0,0.0,0.0,1.0,0.6040375533165461
0,0.0,0.0,0.0,0.0,1.0,0.0,1.0,0.0,1.0,0.0,0.0,0.0,1.0,0.2334757476752953
1,0.0,0.0,0.0,0.415246066809403,0.0,1.0,0.0,1.0,0.0,0.0,0.0,1.0,0.0,0.3717014270043882
0,0.0,0.0,0.0,0.3529552840548492,1.0,0.0,1.0,0.0,1.0,0.0,0.0,0.0,1.0,0.2862528273435537
1,0.125,0.3333333333333333,0.30000000000000004,0.8055694580427181,1.0,0.0,1.0,0.0,0.0,0.0,0.0,0.0,0.0,0.006282985674792663
1,0.0,0.0,0.0,0.7558914972956429,0.0,0.0,0.0,1.0,0.0,0.0,0.0,0.0,0.0,0.4219256215448654
1,0.125,0.0,0.1,0.7530256522025331,0.0,0.0,0.0,0.0,0.0,1.0,0.0,0.0,0.0,0.20834380497612465
0,0.125,0.0,0.1,0.5157696604351928,1.0,0.0,0.0,0.0,1.0,0.0,0.0,1.0,0.0,0.37170143252073384
1,0.0,0.0,0.0,0.650420658454538,0.0,0.0,0.0,1.0,0.0,0.0,0.0,0.0,0.0,0.37170143252073384
1,0.0,0.0,0.0,0.710264100162358,0.0,0.0,0.0,1.0,0.0,0.0,0.0,0.0,0.0,0.2963056044232219
1,0.25,0.3333333333333333,0.4,0.8930704502718892,0.0,0.0,0.0,1.0,0.0,0.0,0.0,0.0,0.0,0.22090977632571
0,0.125,0.16666666666666666,0.2,0.5281013477114938,0.0,0.0,1.0,0.0,0.0,1.0,0.0,1.0,0.0,0.32143754712239253
0,0.0,0.0,0.0,0.3502016019446998,1.0,0.0,1.0,0.0,1.0,0.0,0.0,0.0,1.0,0.34656948982156316
0,0.125,0.16666666666666666,0.2,0.5295781586642772,1.0,0.0,1.0,0.0,1.0,0.0,0.0,1.0,0.0,0.5350590600653431
1,0.0,0.0,0.0,0.3494505372759428,0.0,0.0,1.0,1.0,0.0,0.0,0.0,0.0,1.0,0.32143754712239253
1,0.125,0.0,0.1,0.5281013477114938,0.0,0.0,1.0,0.0,0.0,1.0,0.0,1.0,0.0,0.2963056044232219
0,0.0,0.0,0.0,0.4339186127880943,1.0,0.0,1.0,0.0,0.0,0.0,1.0,1.0,0.0,0.6732847449107816
1,0.0,0.3333333333333333,0.2,0.8189796728879717,0.0,0.0,1.0,1.0,0.0,0.0,0.0,0.0,0.0,0.38426740387031916
1,0.125,0.16666666666666666,0.2,0.786578536659575,0.0,0.0,0.0,0.0,0.0,1.0,0.0,0.0,0.0,0.49736114601658704
0,0.0,0.0,0.0,0.33812548386615277,1.0,0.0,1.0,0.0,1.0,0.0,0.0,0.0,1.0,0.2711736617240512
0,0.0,0.0,0.0,0.3502016019446998,1.0,0.0,1.0,0.0,1.0,0.0,0.0,0.0,1.0,0.33400351847197784
1,0.0,0.0,0.0,0.415246066809403,0.0,1.0,0.0,1.0,0.0,0.0,0.0,1.0,0.0,0.37170143252073384
1,0.125,0.16666666666666666,0.2,0.5449835638455501,0.0,0.0,1.0,0.0,0.0,1.0,0.0,1.0,0.0,0.2711736617240512
0,1.0,0.3333333333333333,1.0,0.682002570512027,1.0,0.0,1.0,0.0,1.0,0.0,0.0,0.0,1.0,0.22511557811650285
1,0.0,0.0,0.0,0.787913124843811,0.0,0.0,0.0,1.0,0.0,0.0,0.0,0.0,0.0,0.4470972606182458
0,0.0,0.0,0.0,0.31714501737309336,1.0,0.0,1.0,0.0,1.0,0.0,0.0,0.0,1.0,0.7612465443578789
1,0.0,0.0,0.0,0.42286368807669106,0.0,0.0,1.0,0.0,0.0,1.0,0.0,1.0,0.0,0.4470972606182458
1,0.125,0.16666666666666666,0.2,0.491789087380451,0.0,0.0,1.0,0.0,0.0,1.0,0.0,0.0,1.0,0.38426740387031916
1,0.0,0.16666666666666666,0.1,0.6532989635355536,0.0,0.0,0.0,1.0,0.0,0.0,0.0,0.0,0.0,0.19577783362653933
1,0.25,0.0,0.2,0.5108890946860756,0.0,1.0,0.0,1.0,0.0,0.0,0.0,0.0,1.0,0.24971775814008543
0,0.0,0.0,0.0,0.5422905113083996,1.0,0.0,1.0,0.0,1.0,0.0,0.0,0.0,0.0,0.5664739884393064
0,0.0,0.16666666666666666,0.1,0.8075657891202526,1.0,0.0,1.0,0.0,1.0,0.0,0.0,0.0,0.0,0.4722292033174164
0,0.25,0.0,0.2,0.4717958613762316,1.0,0.0,1.0,0.0,1.0,0.0,0.0,0.0,1.0,0.19577783362653933
1,0.125,0.0,0.1,0.7855702199804014,0.0,0.0,1.0,0.0,0.0,1.0,0.0,0.0,0.0,0.42052923726284214
0,0.0,0.0,0.0,0.3502016019446998,1.0,0.0,1.0,0.0,1.0,0.0,0.0,0.0,1.0,0.3332646691342293
0,0.125,0.0,0.1,0.675158433212671,1.0,0.0,1.0,0.0,1.0,0.0,0.0,0.0,0.0,0.35913546117114853
1,0.0,0.0,0.0,0.786578536659575,0.0,0.0,0.0,1.0,0.0,0.0,0.0,0.0,0.0,0.5099271173661725
1,0.0,0.0,0.0,0.3529552840548492,1.0,0.0,1.0,0.0,1.0,0.0,0.0,0.0,1.0,0.5601910027645137
0,0.0,0.0,0.0,0.5764076106287911,1.0,0.0,1.0,0.0,1.0,0.0,0.0,0.0,0.0,0.5601910027645137
1,0.125,0.16666666666666666,0.2,0.5281013477114938,1.0,0.0,1.0,0.0,0.0,0.0,0.0,1.0,0.0,0.01985423473234481
1,0.375,0.3333333333333333,0.5,0.8934502391534316,0.0,0.0,1.0,1.0,0.0,0.0,0.0,0.0,0.0,0.2963056044232219
0,0.0,0.0,0.0,0.42286368807669106,1.0,0.0,1.0,0.0,1.0,0.0,0.0,1.0,0.0,0.34656948982156316
0,0.0,0.0,0.0,0.42286368807669106,1.0,0.0,1.0,0.0,1.0,0.0,0.0,1.0,0.0,0.3088715757728072
0,0.0,0.0,0.0,0.42286368807669106,1.0,0.0,1.0,0.0,1.0,0.0,0.0,1.0,0.0,0.4470972606182458
1,0.0,0.0,0.0,0.42286368807669106,0.0,0.0,1.0,1.0,0.0,0.0,0.0,1.0,0.0,0.2963056044232219
1,0.0,0.0,0.0,0.42286368807669106,0.0,0.0,1.0,1.0,0.0,0.0,0.0,1.0,0.0,0.49736114601658704
1,0.125,0.0,0.1,0.45491364524217526,0.0,0.0,1.0,0.0,0.0,1.0,0.0,0.0,1.0,0.32143754712239253
1,0.125,0.16666666666666666,0.2,0.4530285310977595,1.0,0.0,1.0,0.0,0.0,0.0,0.0,0.0,1.0,0.032420206081930136
0,0.0,0.0,0.0,0.36344855811683735,1.0,0.0,1.0,0.0,1.0,0.0,0.0,0.0,1.0,0.5224930887157577
0,0.0,0.0,0.0,0.37251505985030076,1.0,0.0,1.0,0.0,1.0,0.0,0.0,0.0,1.0,0.2837396330736366
0,0.0,0.0,0.0,0.5741974672559074,1.0,0.0,1.0,0.0,1.0,0.0,0.0,0.0,0.0,0.5268764306868429
0,0.125,0.16666666666666666,0.2,0.3377209927336551,1.0,0.0,0.0,0.0,1.0,0.0,0.0,0.0,1.0,0.18321186227695402
0,0.125,0.0,0.1,0.4701002597957256,1.0,0.0,1.0,0.0,1.0,0.0,0.0,0.0,1.0,0.3088715757728072
0,0.0,0.0,0.0,0.33763919258513786,1.0,0.0,0.0,0.0,1.0,0.0,0.0,0.0,1.0,0.4575689034095669
0,0.0,0.0,0.0,0.3767675685322775,1.0,0.0,1.0,0.0,1.0,0.0,0.0,0.0,1.0,0.34656948982156316
1,0.0,0.16666666666666666,0.1,0.6449935901916027,0.0,0.0,1.0,1.0,0.0,0.0,0.0,0.0,0.0,0.2711736617240512
0,0.0,0.0,0.0,0.42286368807669106,0.0,0.0,1.0,1.0,0.0,0.0,0.0,1.0,0.0,0.4722292033174164
1,0.0,0.0,0.0,0.34990232023989454,0.0,1.0,0.0,1.0,0.0,0.0,0.0,0.0,1.0,0.2334757476752953
1,0.0,0.0,0.0,0.34990232023989454,0.0,1.0,0.0,1.0,0.0,0.0,0.0,0.0,1.0,0.2334757476752953
0,0.125,0.6666666666666666,0.5,0.5389979395502239,1.0,0.0,1.0,0.0,1.0,0.0,0.0,0.0,1.0,0.49736114601658704
0,0.125,0.0,0.1,0.5380012918108712,1.0,0.0,0.0,0.0,1.0,0.0,0.0,1.0,0.0,0.35913546117114853
0,0.0,0.16666666666666666,0.1,0.4386984565615303,0.0,0.0,0.0,0.0,0.0,1.0,0.0,0.0,1.0,0.5601910027645137
0,0.0,0.0,0.0,0.3341931919415684,1.0,0.0,1.0,0.0,1.0,0.0,0.0,0.0,1.0,0.4345312892686604
0,0.125,0.0,0.1,0.44919043492360855,1.0,1.0,0.0,0.0,1.0,0.0,0.0,0.0,1.0,0.595375722543353
0,0.0,0.0,0.0,0.33812548386615277,1.0,0.0,1.0,0.0,1.0,0.0,0.0,0.0,1.0,0.37170143252073384
1,0.125,0.0,0.1,0.6944519802337323,0.0,0.0,0.0,0.0,0.0,1.0,0.0,0.0,0.0,0.7486805730082936
1,0.0,0.0,0.0,0.3377209927336551,0.0,0.0,0.0,0.0,0.0,1.0,0.0,0.0,1.0,0.3530620975602341
1,0.0,0.0,0.0,0.34755366512192026,0.0,1.0,0.0,1.0,0.0,0.0,0.0,0.0,1.0,0.2774566473988439
1,0.0,0.0,0.0,0.6814337631908569,0.0,0.0,0.0,0.0,0.0,0.0,1.0,0.0,0.0,0.2963056044232219
1,0.125,0.0,0.1,0.6462524686274448,1.0,0.0,0.0,0.0,1.0,0.0,0.0,0.0,0.0,0.3088715757728072
0,0.125,0.0,0.1,0.32276390619844325,1.0,0.0,1.0,0.0,1.0,0.0,0.0,0.0,1.0,0.22090977632571
0,0.0,0.0,0.0,0.3529552840548492,1.0,0.0,1.0,0.0,1.0,0.0,0.0,0.0,1.0,0.2334757476752953
0,0.0,0.0,0.0,0.787913124843811,1.0,0.0,0.0,0.0,1.0,0.0,0.0,0.0,0.0,0.2711736617240512
0,0.375,0.16666666666666666,0.4,0.495831873839879,0.0,0.0,1.0,1.0,0.0,0.0,0.0,0.0,1.0,0.032420206081930136
1,0.125,0.0,0.1,0.7083728358165282,0.0,0.0,0.0,0.0,0.0,1.0,0.0,0.0,0.0,0.5743085793260905
1,0.0,0.0,0.0,0.33812548386615277,0.0,0.0,1.0,1.0,0.0,0.0,0.0,0.0,1.0,0.2711736617240512
0,0.0,0.3333333333333333,0.2,0.8586785697903752,1.0,0.0,0.0,0.0,1.0,0.0,0.0,0.0,0.0,0.33400351847197784
0,0.0,0.0,0.0,0.25828491245817975,1.0,0.0,0.0,0.0,1.0,0.0,0.0,0.0,1.0,0.24604171902488062
0,0.0,0.0,0.0,0.34801082050793586,1.0,0.0,1.0,0.0,1.0,0.0,0.0,0.0,1.0,0.2334757476752953
1,0.0,0.0,0.0,0.8703280791561688,0.0,0.0,0.0,1.0,0.0,0.0,0.0,0.0,0.0,0.5224930887157577
1,0.0,0.3333333333333333,0.2,0.4515205782884459,0.0,0.0,0.0,1.0,0.0,0.0,0.0,0.0,1.0,0.007288263382759488
0,0.0,0.0,0.0,0.35072669661240763,1.0,0.0,1.0,0.0,1.0,0.0,0.0,0.0,1.0,0.39683337521990447
1,0.125,0.0,0.1,0.6361712049470615,0.0,0.0,1.0,0.0,0.0,1.0,0.0,0.0,0.0,0.4345312892686604
0,0.0,0.0,0.0,0.3502016019446998,1.0,0.0,1.0,0.0,1.0,0.0,0.0,0.0,1.0,0.3332646691342293
0,0.0,0.0,0.0,0.6907316473431996,1.0,0.0,1.0,0.0,1.0,0.0,0.0,1.0,0.0,0.22090977632571
0,0.625,0.3333333333333333,0.7000000000000001,0.6199594201430055,1.0,0.0,1.0,0.0,0.0,0.0,0.0,0.0,1.0,0.007288263382759488
1,0.0,0.0,0.0,0.42286368807669106,0.0,0.0,1.0,1.0,0.0,0.0,0.0,1.0,0.0,0.4470972606182458
0,0.0,0.0,0.0,0.34717231529600073,1.0,1.0,0.0,0.0,1.0,0.0,0.0,0.0,1.0,0.4021352333782849
1,0.0,0.0,0.0,0.4109891561864058,0.0,0.0,0.0,1.0,0.0,0.0,0.0,1.0,0.0,0.20834380497612465
1,0.125,0.3333333333333333,0.30000000000000004,0.7684432068211329,1.0,0.0,1.0,0.0,1.0,0.0,0.0,0.0,0.0,0.4470972606182458
1,0.0,0.0,0.0,0.348390182281133,1.0,0.0,1.0,0.0,1.0,0.0,0.0,0.0,1.0,0.2586076903744659
0,0.25,0.0,0.2,0.35072669661240763,1.0,0.0,1.0,0.0,1.0,0.0,0.0,0.0,1.0,0.34656948982156316
1,0.125,0.0,0.1,0.7592806561689714,0.0,0.0,0.0,1.0,0.0,0.0,0.0,0.0,0.0,0.2837396330736366
1,0.0,0.3333333333333333,0.2,0.46043946366130095,0.0,0.0,1.0,0.0,0.0,1.0,0.0,0.0,1.0,0.2963056044232219
0,0.0,0.0,0.0,0.348390182281133,1.0,0.0,1.0,0.0,1.0,0.0,0.0,0.0,1.0,0.2711736617240512
0,0.0,0.0,0.0,0.3494505372759428,0.0,0.0,1.0,1.0,0.0,0.0,0.0,0.0,1.0,0.38426740387031916
0,0.0,0.0,0.0,0.5281013477114938,1.0,0.0,1.0,0.0,1.0,0.0,0.0,1.0,0.0,0.5727569741140991
0,0.0,0.0,0.0,0.39134423619738523,1.0,0.0,1.0,0.0,0.0,0.0,1.0,1.0,0.0,0.2837396330736366
1,0.0,0.0,0.0,0.4188069434436312,0.0,0.0,1.0,0.0,0.0,1.0,0.0,1.0,0.0,0.34656948982156316
1,0.0,0.0,0.0,0.35072669661240763,1.0,0.0,1.0,0.0,1.0,0.0,0.0,0.0,1.0,0.4847951746670017
0,0.0,0.0,0.0,0.3529552840548492,1.0,0.0,1.0,0.0,1.0,0.0,0.0,0.0,1.0,0.32143754712239253
0,0.125,0.0,0.1,0.38165194930393287,0.0,0.0,1.0,1.0,0.0,0.0,0.0,0.0,1.0,0.2586076903744659
0,0.125,0.0,0.1,0.45255376673825426,1.0,0.0,1.0,0.0,1.0,0.0,0.0,0.0,1.0,0.34656948982156316
0,0.0,0.0,0.0,0.36344855811683735,0.0,0.0,1.0,1.0,0.0,0.0,0.0,0.0,1.0,0.24604171902488062
0,0.125,0.0,0.1,0.4952865544680222,1.0,0.0,1.0,0.0,1.0,0.0,0.0,1.0,0.0,0.4219653179190751
0,0.0,0.0,0.0,0.34755366512192026,1.0,0.0,1.0,0.0,1.0,0.0,0.0,0.0,1.0,0.6355868308620256
1,0.125,0.16666666666666666,0.2,0.47799919815831027,1.0,0.0,1.0,0.0,0.0,0.0,0.0,1.0,0.0,0.032420206081930136
0,0.0,0.0,0.0,0.34801082050793586,1.0,0.0,1.0,0.0,1.0,0.0,0.0,0.0,1.0,0.2586076903744659
0,0.375,0.16666666666666666,0.4,0.5249047780663141,0.0,0.0,1.0,1.0,0.0,0.0,0.0,0.0,1.0,0.07473153948490589
0,0.0,0.0,0.0,0.3502016019446998,1.0,0.0,1.0,0.0,1.0,0.0,0.0,0.0,1.0,0.3332646691342293
0,0.0,0.0,0.0,0.3303312928008554,1.0,1.0,0.0,0.0,1.0,0.0,0.0,0.0,1.0,0.3461851894530088
1,0.125,0.0,0.1,0.7227878932056411,0.0,1.0,0.0,1.0,0.0,0.0,0.0,0.0,0.0,0.4093993465694898
0,0.0,0.0,0.0,0.0,1.0,0.0,1.0,0.0,1.0,0.0,0.0,1.0,0.0,0.4144257351093239
1,0.0,0.0,0.0,0.35072669661240763,1.0,0.0,1.0,0.0,1.0,0.0,0.0,0.0,1.0,0.5476250314149284
0,0.0,0.0,0.0,0.3529552840548492,0.0,0.0,1.0,0.0,0.0,1.0,0.0,0.0,1.0,0.5005663254126007
1,0.125,0.16666666666666666,0.2,0.5626649479908982,0.0,0.0,1.0,0.0,0.0,1.0,0.0,1.0,0.0,0.4219653179190751
1,0.0,0.3333333333333333,0.2,0.42286368807669106,0.0,0.0,1.0,1.0,0.0,0.0,0.0,1.0,0.0,0.22090977632571
0,0.0,0.0,0.0,0.42286368807669106,1.0,0.0,1.0,0.0,1.0,0.0,0.0,1.0,0.0,0.37170143252073384
0,0.0,0.3333333333333333,0.2,0.5167281848535599,0.0,0.0,1.0,1.0,0.0,0.0,0.0,0.0,1.0,0.12038200552902739
0,0.0,0.0,0.0,0.3502016019446998,1.0,0.0,0.0,0.0,1.0,0.0,0.0,0.0,1.0,0.40102203233643297
0,0.0,0.0,0.0,0.34724755706710003,1.0,1.0,0.0,0.0,1.0,0.0,0.0,0.0,1.0,0.2586076903744659
0,0.0,0.0,0.0,0.3498265096711498,1.0,0.0,1.0,0.0,1.0,0.0,0.0,0.0,1.0,0.35913546117114853
0,0.125,0.16666666666666666,0.2,0.43813551021220537,0.0,0.0,1.0,0.0,0.0,1.0,0.0,0.0,1.0,0.34656948982156316
0,0.125,0.16666666666666666,0.2,0.4894457748636945,1.0,0.0,1.0,0.0,1.0,0.0,0.0,0.0,1.0,0.22090977632571
0,0.0,0.0,0.0,0.33812548386615277,1.0,0.0,1.0,0.0,1.0,0.0,0.0,0.0,1.0,0.4470972606182458
1,0.125,0.0,0.1,0.5281013477114938,0.0,0.0,1.0,0.0,0.0,1.0,0.0,1.0,0.0,0.34656948982156316
1,0.0,0.0,0.0,0.5281013477114938,0.0,0.0,1.0,1.0,0.0,0.0,0.0,1.0,0.0,0.2334757476752953
0,0.0,0.0,0.0,0.34755366512192026,1.0,1.0,0.0,0.0,1.0,0.0,0.0,0.0,1.0,0.648152802211611
1,0.0,0.0,0.0,0.3529552840548492,1.0,0.0,1.0,0.0,1.0,0.0,0.0,0.0,1.0,0.39683337521990447
1,0.0,0.0,0.0,0.5313325505056177,1.0,0.0,1.0,0.0,1.0,0.0,0.0,0.0,0.0,0.34656948982156316
1,0.125,0.0,0.1,0.45491364524217526,0.0,0.0,1.0,0.0,0.0,1.0,0.0,0.0,1.0,0.32143754712239253
1,0.125,0.0,0.1,0.5281013477114938,0.0,0.0,1.0,0.0,0.0,1.0,0.0,1.0,0.0,0.5224930887157577
0,0.0,0.0,0.0,0.3356791332316349,1.0,0.0,1.0,0.0,1.0,0.0,0.0,0.0,1.0,0.20834380497612465
0,0.125,0.0,0.1,0.6475482867996226,1.0,0.0,1.0,0.0,1.0,0.0,0.0,0.0,0.0,0.6230208595124404
1,0.125,0.3333333333333333,0.30000000000000004,0.7684432068211329,0.0,0.0,1.0,1.0,0.0,0.0,0.0,0.0,0.0,0.17064589092736868
0,0.25,0.3333333333333333,0.4,0.5713912159474593,0.0,0.0,1.0,1.0,0.0,0.0,0.0,0.0,1.0,0.2586076903744659
1,0.25,0.5,0.5,0.47799919815831027,0.0,0.0,1.0,0.0,0.0,1.0,0.0,1.0,0.0,0.2963056044232219
0,0.125,0.6666666666666666,0.5,0.8934502391534316,1.0,0.0,1.0,0.0,1.0,0.0,0.0,0.0,0.0,0.7989444584066349
0,0.0,0.0,0.0,0.39134423619738523,1.0,0.0,1.0,0.0,1.0,0.0,0.0,1.0,0.0,0.38426740387031916
1,0.125,0.16666666666666666,0.2,0.5295781586642772,0.0,0.0,1.0,0.0,0.0,1.0,0.0,1.0,0.0,0.5601910027645137
0,0.0,0.0,0.0,0.3767675685322775,1.0,0.0,1.0,0.0,1.0,0.0,0.0,0.0,1.0,0.24604171902488062
0,0.125,0.0,0.1,0.34801082050793586,1.0,0.0,1.0,0.0,1.0,0.0,0.0,0.0,1.0,0.3088715757728072
1,0.0,0.0,0.0,0.42286368807669106,0.0,0.0,1.0,0.0,0.0,0.0,1.0,1.0,0.0,0.34656948982156316
1,0.0,0.0,0.0,0.354058060975568,1.0,0.0,1.0,0.0,1.0,0.0,0.0,0.0,1.0,0.38900768748641645
1,0.0,0.3333333333333333,0.2,0.7077696544942279,1.0,0.0,1.0,0.0,0.0,0.0,0.0,0.0,0.0,0.04498617743151546
1,0.0,0.16666666666666666,0.1,0.48397130012322576,0.0,0.0,1.0,1.0,0.0,0.0,0.0,1.0,0.0,0.15807991957778336
1,0.0,0.0,0.0,0.5313325505056177,1.0,0.0,1.0,0.0,1.0,0.0,0.0,0.0,0.0,0.4219653179190751
1,0.25,0.16666666666666666,0.30000000000000004,0.4820708903996448,0.0,0.0,0.0,1.0,0.0,0.0,0.0,0.0,1.0,0.05755214878110078
1,0.0,0.0,0.0,0.5528013511027754,1.0,0.0,1.0,0.0,0.0,0.0,1.0,0.0,0.0,0.648152802211611
0,0.125,0.3333333333333333,0.30000000000000004,0.5381641153575258,1.0,0.0,1.0,0.0,1.0,0.0,0.0,1.0,0.0,0.4470972606182458
0,0.125,0.0,0.1,0.4875782343987794,1.0,0.0,1.0,0.0,1.0,0.0,0.0,0.0,1.0,0.33807504447242104
0,0.0,0.0,0.0,0.5381641153575258,1.0,0.0,0.0,0.0,1.0,0.0,0.0,0.0,0.0,0.37170143252073384
1,0.125,0.0,0.1,0.7212027531446069,1.0,0.0,0.0,0.0,1.0,0.0,0.0,0.0,0.0,0.610454888162855
0,0.0,0.0,0.0,0.3529552840548492,1.0,0.0,1.0,0.0,1.0,0.0,0.0,0.0,1.0,0.2862528273435537
1,0.0,0.0,0.0,0.3502016019446998,1.0,0.0,0.0,0.0,1.0,0.0,0.0,0.0,1.0,0.35913546117114853
0,0.0,0.0,0.0,0.5313325505056177,1.0,0.0,1.0,0.0,1.0,0.0,0.0,0.0,0.0,0.8115104297562202
1,0.125,0.0,0.1,0.635754966338881,0.0,0.0,1.0,0.0,0.0,1.0,0.0,0.0,0.0,0.42879886071835244
1,0.0,0.0,0.0,0.39134423619738523,0.0,0.0,1.0,1.0,0.0,0.0,0.0,1.0,0.0,0.6230208595124404
0,0.0,0.0,0.0,0.34755366512192026,1.0,1.0,0.0,0.0,1.0,0.0,0.0,0.0,1.0,0.648152802211611
1,0.0,0.0,0.0,0.5313325505056177,1.0,0.0,1.0,0.0,1.0,0.0,0.0,0.0,0.0,0.5978889168132697
0,0.0,0.0,0.0,0.3529552840548492,1.0,0.0,1.0,0.0,1.0,0.0,0.0,0.0,1.0,0.4219653179190751
0,0.0,0.0,0.0,0.589064149215766,1.0,0.0,1.0,0.0,1.0,0.0,0.0,0.0,0.0,0.5853229454636844
0,0.0,0.0,0.0,0.42286368807669106,1.0,0.0,1.0,0.0,1.0,0.0,0.0,1.0,0.0,0.5978889168132697
0,0.0,0.0,0.0,0.3529552840548492,1.0,0.0,1.0,0.0,1.0,0.0,0.0,0.0,1.0,0.2862528273435537
0,0.0,0.0,0.0,0.3341931919415684,1.0,0.0,1.0,0.0,1.0,0.0,0.0,0.0,1.0,0.4722292033174164
0,0.0,0.0,0.0,0.0,1.0,0.0,1.0,0.0,1.0,0.0,0.0,1.0,0.0,0.4144257351093239
0,0.0,0.0,0.0,0.5313325505056177,1.0,0.0,1.0,0.0,1.0,0.0,0.0,0.0,0.0,0.6984166876099522
0,0.0,0.0,0.0,0.3470952017072669,1.0,1.0,0.0,0.0,1.0,0.0,0.0,0.0,1.0,0.44358667127713863
1,0.25,0.16666666666666666,0.30000000000000004,0.4820708903996448,0.0,0.0,0.0,1.0,0.0,0.0,0.0,0.0,1.0,0.0041467705453631576
0,0.0,0.0,0.0,0.33812548386615277,1.0,0.0,1.0,0.0,1.0,0.0,0.0,0.0,1.0,0.4470972606182458
0,0.0,0.0,0.0,0.36344855811683735,1.0,0.0,1.0,0.0,1.0,0.0,0.0,0.0,1.0,0.4722292033174164
1,0.125,0.3333333333333333,0.30000000000000004,0.5381641153575258,0.0,0.0,1.0,0.0,0.0,1.0,0.0,1.0,0.0,0.4093993465694898
1,0.0,0.0,0.0,0.43167791840596337,0.0,0.0,0.0,0.0,0.0,1.0,0.0,1.0,0.0,0.2837396330736366
0,0.0,0.0,0.0,0.3818368689483545,0.0,0.0,1.0,1.0,0.0,0.0,0.0,0.0,1.0,0.2711736617240512
0,0.0,0.0,0.0,0.6361712049470615,1.0,0.0,1.0,0.0,1.0,0.0,0.0,0.0,0.0,0.5853245510512787
0,0.125,0.0,0.1,0.4952865544680222,1.0,0.0,1.0,0.0,1.0,0.0,0.0,1.0,0.0,0.4219653179190751
0,0.125,0.0,0.1,0.33410957037538047,1.0,0.0,1.0,0.0,1.0,0.0,0.0,0.0,1.0,0.35913546117114853
0,0.0,0.0,0.0,0.3433005296109263,1.0,0.0,1.0,0.0,1.0,0.0,0.0,0.0,1.0,0.2711736617240512
1,0.0,0.16666666666666666,0.1,0.4144941515201205,0.0,0.0,1.0,1.0,0.0,0.0,0.0,0.0,1.0,0.01985423473234481
0,0.625,0.3333333333333333,0.7000000000000001,0.6199594201430055,1.0,0.0,1.0,0.0,0.0,0.0,0.0,0.0,1.0,0.10781603417944208
0,0.0,0.0,0.0,0.0,1.0,0.0,1.0,0.0,1.0,0.0,0.0,1.0,0.0,0.4144257351093239
0,0.0,0.0,0.0,0.3529552840548492,1.0,0.0,1.0,0.0,1.0,0.0,0.0,0.0,1.0,0.6230208595124404
1,0.0,0.0,0.0,0.37809730939294867,0.0,0.0,1.0,0.0,0.0,1.0,0.0,0.0,1.0,0.7863784870570495
1,0.125,0.0,0.1,0.7246769696172585,1.0,0.0,0.0,0.0,1.0,0.0,0.0,0.0,0.0,0.3088715757728072
0,0.375,0.16666666666666666,0.4,0.5249047780663141,0.0,0.0,1.0,1.0,0.0,0.0,0.0,0.0,1.0,0.07473153948490589
1,0.125,0.0,0.1,0.7227878932056411,0.0,0.0,1.0,0.0,0.0,1.0,0.0,0.0,0.0,0.4345312892686604
0,0.0,0.0,0.0,0.5486793783580444,1.0,0.0,0.0,0.0,1.0,0.0,0.0,0.0,0.0,0.723548630309123
0,0.0,0.0,0.0,0.3529552840548492,1.0,0.0,1.0,0.0,1.0,0.0,0.0,0.0,1.0,0.37170143252073384
1,0.125,0.16666666666666666,0.2,0.4530285310977595,1.0,0.0,1.0,0.0,0.0,0.0,0.0,0.0,1.0,0.10781603417944208
0,0.125,0.0,0.1,0.4875782343987794,1.0,0.0,1.0,0.0,1.0,0.0,0.0,0.0,1.0,0.33807504447242104
0,0.0,0.0,0.0,0.33812548386615277,1.0,0.0,1.0,0.0,1.0,0.0,0.0,0.0,1.0,0.2586076903744659
0,0.0,0.0,0.0,0.5528013511027754,1.0,0.0,1.0,0.0,1.0,0.0,0.0,0.0,0.0,0.685850716260367
0,0.0,0.0,0.0,0.6284423071472074,1.0,0.0,0.0,0.0,1.0,0.0,0.0,0.0,0.0,0.8869062578537321
0,0.0,0.0,0.0,0.3529552840548492,1.0,0.0,1.0,0.0,1.0,0.0,0.0,0.0,1.0,0.2586076903744659
0,0.0,0.0,0.0,0.43874096070747076,1.0,0.0,0.0,0.0,1.0,0.0,0.0,0.0,1.0,0.2962492589450927
1,0.125,0.0,0.1,0.7006691272358188,0.0,0.0,0.0,1.0,0.0,0.0,0.0,0.0,0.0,0.6732847449107816
0,0.0,0.0,0.0,0.44525814299902416,1.0,0.0,1.0,0.0,1.0,0.0,0.0,0.0,1.0,0.27502621442601677
0,0.125,0.3333333333333333,0.30000000000000004,0.8055694580427181,0.0,0.0,1.0,0.0,0.0,1.0,0.0,0.0,0.0,0.3088715757728072
0,0.0,0.0,0.0,0.348390182281133,1.0,0.0,1.0,0.0,1.0,0.0,0.0,0.0,1.0,0.2963056044232219
0,0.0,0.0,0.0,0.36344855811683735,1.0,0.0,1.0,0.0,1.0,0.0,0.0,0.0,1.0,0.20834380497612465
0,0.0,0.0,0.0,0.34755366512192026,0.0,1.0,0.0,1.0,0.0,0.0,0.0,0.0,1.0,0.2586076903744659
0,0.0,0.0,0.0,0.34532612409470087,0.0,1.0,0.0,1.0,0.0,0.0,0.0,0.0,1.0,0.25788538710784287
0,0.0,0.0,0.0,0.37809730939294867,0.0,0.0,1.0,1.0,0.0,0.0,0.0,0.0,1.0,0.4596632319678311
1,0.0,0.0,0.0,0.7165034463969725,0.0,0.0,1.0,1.0,0.0,0.0,0.0,0.0,0.0,0.19577783362653933
0,0.125,0.0,0.1,0.7530256522025331,1.0,0.0,0.0,0.0,1.0,0.0,0.0,0.0,0.0,0.22090977632571
1,0.0,0.3333333333333333,0.2,0.5281013477114938,0.0,0.0,1.0,0.0,0.0,1.0,0.0,1.0,0.0,0.4093993465694898
1,0.0,0.0,0.0,0.5313325505056177,1.0,0.0,1.0,0.0,1.0,0.0,0.0,0.0,0.0,0.7204071374717266
0,0.0,0.0,0.0,0.5060255577752875,1.0,0.0,1.0,0.0,1.0,0.0,0.0,0.0,1.0,0.34656948982156316
1,0.0,0.0,0.0,0.6492173620225161,1.0,0.0,1.0,0.0,1.0,0.0,0.0,0.0,1.0,0.32143754712239253
1,0.0,0.0,0.0,0.34755366512192026,1.0,1.0,0.0,0.0,1.0,0.0,0.0,0.0,1.0,0.35913546117114853
0,0.0,0.0,0.0,0.3529552840548492,1.0,0.0,1.0,0.0,1.0,0.0,0.0,0.0,1.0,0.2862528273435537
1,0.0,0.0,0.0,0.5297985110081134,1.0,0.0,1.0,0.0,1.0,0.0,0.0,0.0,0.0,0.4470972606182458
1,0.125,0.0,0.1,0.6571131889470551,0.0,0.0,0.0,0.0,0.0,1.0,0.0,0.0,0.0,0.6732847449107816
0,0.0,0.0,0.0,0.34282971590727757,1.0,0.0,1.0,0.0,1.0,0.0,0.0,0.0,1.0,0.2963056044232219
0,0.0,0.0,0.0,0.5697787630490322,1.0,0.0,1.0,0.0,1.0,0.0,0.0,0.0,0.0,0.5853229454636844
1,0.0,0.0,0.0,0.39134423619738523,0.0,0.0,1.0,0.0,0.0,1.0,0.0,1.0,0.0,0.4219653179190751
0,0.0,0.0,0.0,0.5167281848535599,1.0,1.0,0.0,0.0,1.0,0.0,0.0,0.0,1.0,0.5953757225433531
1,0.125,0.0,0.1,0.5281013477114938,0.0,0.0,1.0,0.0,0.0,1.0,0.0,1.0,0.0,0.4470972606182458
0,0.0,0.0,0.0,0.3502016019446998,1.0,0.0,1.0,0.0,1.0,0.0,0.0,0.0,1.0,0.39683337521990447
1,0.0,0.0,0.0,0.7288351336732733,0.0,0.0,1.0,1.0,0.0,0.0,0.0,0.0,0.0,0.37170143252073384
0,0.0,0.0,0.0,0.3502016019446998,1.0,0.0,1.0,0.0,1.0,0.0,0.0,0.0,1.0,0.2711736617240512
0,0.0,0.0,0.0,0.33763919258513786,1.0,0.0,0.0,0.0,1.0,0.0,0.0,0.0,1.0,0.4575689034095669
1,0.0,0.16666666666666666,0.1,0.6532989635355536,0.0,0.0,0.0,0.0,0.0,1.0,0.0,0.0,0.0,0.5476250314149284
0,0.0,0.0,0.0,0.3377209927336551,1.0,0.0,0.0,0.0,1.0,0.0,0.0,0.0,1.0,0.3063583815028902
0,0.0,0.0,0.0,0.34755366512192026,1.0,1.0,0.0,0.0,1.0,0.0,0.0,0.0,1.0,0.5036441316913798
1,0.0,0.0,0.0,0.39134423619738523,0.0,0.0,1.0,1.0,0.0,0.0,0.0,1.0,0.0,0.6230208595124404
0,0.0,0.0,0.0,0.8662478349118685,1.0,0.0,1.0,0.0,1.0,0.0,0.0,0.0,0.0,0.5063313438299292
0,0.0,0.0,0.0,0.35072669661240763,1.0,0.0,1.0,0.0,1.0,0.0,0.0,0.0,1.0,0.4847951746670017
0,0.25,0.16666666666666666,0.30000000000000004,0.40470470937773706,1.0,0.0,1.0,0.0,1.0,0.0,0.0,1.0,0.0,0.2837396330736366
1,0.125,0.16666666666666666,0.2,0.5281013477114938,0.0,0.0,1.0,1.0,0.0,0.0,0.0,1.0,0.0,0.01985423473234481
0,0.0,0.0,0.0,0.3377209927336551,1.0,0.0,0.0,0.0,1.0,0.0,0.0,0.0,1.0,0.3063583815028902
0,0.125,0.16666666666666666,0.2,0.3377209927336551,1.0,0.0,0.0,0.0,1.0,0.0,0.0,0.0,1.0,0.20834380497612465
1,0.0,0.3333333333333333,0.2,0.5048860932177652,0.0,0.0,0.0,0.0,0.0,1.0,0.0,0.0,1.0,0.370183900535119
0,0.0,0.0,0.0,0.36344855811683735,0.0,0.0,1.0,1.0,0.0,0.0,0.0,0.0,1.0,0.37170143252073384
1,0.0,0.3333333333333333,0.2,0.5295781586642772,0.0,0.0,1.0,1.0,0.0,0.0,0.0,1.0,0.0,0.08268409148027142
0,0.0,0.0,0.0,0.5313325505056177,1.0,0.0,1.0,0.0,0.0,0.0,1.0,0.0,0.0,0.5601910027645137
1,0.0,0.0,0.0,0.74937587918781,0.0,0.0,0.0,1.0,0.0,0.0,0.0,0.0,0.0,0.37170143252073384
0,0.0,0.0,0.0,0.43917261968469046,1.0,0.0,1.0,0.0,1.0,0.0,0.0,0.0,1.0,0.2334757476752953
1,0.0,0.3333333333333333,0.2,0.6284289814045624,0.0,0.0,0.0,1.0,0.0,0.0,0.0,0.0,0.0,0.2711736617240512
1,0.0,0.3333333333333333,0.2,0.6852624183133631,0.0,0.0,1.0,1.0,0.0,0.0,0.0,0.0,0.0,0.4470972606182458
0,0.5,0.3333333333333333,0.6000000000000001,0.556695873257052,0.0,0.0,1.0,1.0,0.0,0.0,0.0,0.0,1.0,0.10781603417944208
0,0.5,0.3333333333333333,0.6000000000000001,0.556695873257052,0.0,0.0,1.0,1.0,0.0,0.0,0.0,0.0,1.0,0.1329479768786127
1,0.125,0.0,0.1,0.5281013477114938,1.0,0.0,1.0,0.0,1.0,0.0,0.0,1.0,0.0,0.39683337521990447
0,0.125,0.0,0.1,0.74937587918781,1.0,0.0,0.0,0.0,1.0,0.0,0.0,0.0,0.0,0.6230208595124404
0,0.0,0.0,0.0,0.5281013477114938,1.0,0.0,1.0,0.0,1.0,0.0,0.0,0.0,0.0,0.7989444584066349
1,0.125,0.0,0.1,0.5281013477114938,0.0,0.0,1.0,0.0,0.0,1.0,0.0,1.0,0.0,0.2334757476752953
1,0.0,0.0,0.0,0.4324430381951561,1.0,0.0,0.0,0.0,1.0,0.0,0.0,1.0,0.0,0.370479483510981
0,0.125,0.16666666666666666,0.2,0.491789087380451,1.0,0.0,1.0,0.0,1.0,0.0,0.0,0.0,1.0,0.4093993465694898
1,0.125,0.16666666666666666,0.2,0.5818031659922842,1.0,0.0,1.0,0.0,0.0,0.0,0.0,1.0,0.0,0.09525006282985675
1,0.0,0.3333333333333333,0.2,0.7558914972956429,1.0,0.0,0.0,0.0,1.0,0.0,0.0,0.0,0.0,0.20834380497612465
0,0.0,0.0,0.0,0.5281013477114938,1.0,0.0,1.0,0.0,1.0,0.0,0.0,1.0,0.0,0.33400351847197784
0,0.0,0.0,0.0,0.34899747688919597,1.0,1.0,0.0,0.0,1.0,0.0,0.0,0.0,1.0,0.5953757225500284
1,0.0,0.0,0.0,0.33763919258513786,1.0,0.0,0.0,0.0,1.0,0.0,0.0,0.0,1.0,0.2711736617240512
1,0.0,0.0,0.0,0.34801082050793586,0.0,0.0,1.0,1.0,0.0,0.0,0.0,0.0,1.0,0.2711736617240512
0,0.0,0.0,0.0,0.5313325505056177,1.0,0.0,1.0,0.0,1.0,0.0,0.0,0.0,0.0,0.7738125157074642
1,0.125,0.0,0.1,0.593465328263533,0.0,0.0,0.0,0.0,0.0,0.0,1.0,0.0,0.0,0.5978889168132697
0,0.0,0.0,0.0,0.8703280791561688,1.0,0.0,0.0,0.0,1.0,0.0,0.0,0.0,0.0,0.36625659364293844
1,0.125,0.16666666666666666,0.2,0.7034412659259898,0.0,0.0,1.0,0.0,0.0,1.0,0.0,0.0,0.0,0.4847951746670017
1,0.125,0.0,0.1,0.46665425915215614,0.0,0.0,1.0,0.0,0.0,1.0,0.0,0.0,1.0,0.4470972606182458
0,0.0,0.0,0.0,0.34755366512192026,1.0,1.0,0.0,0.0,1.0,0.0,0.0,0.0,1.0,0.648152802211611
0,0.0,0.0,0.0,0.3502016019446998,1.0,0.0,1.0,0.0,1.0,0.0,0.0,0.0,1.0,0.49736114601658704
0,0.0,0.0,0.0,0.42848647040443827,1.0,0.0,1.0,0.0,1.0,0.0,0.0,1.0,0.0,0.34656948982156316
0,0.0,0.0,0.0,0.3529552840548492,1.0,0.0,1.0,0.0,1.0,0.0,0.0,0.0,1.0,0.2862528273435537
0,0.0,0.0,0.0,0.3529552840548492,0.0,0.0,1.0,1.0,0.0,0.0,0.0,0.0,1.0,0.29878894892520225
0,0.25,0.0,0.2,0.5167281848535599,1.0,0.0,1.0,0.0,1.0,0.0,0.0,0.0,1.0,0.2963056044232219
0,0.0,0.0,0.0,0.3502016019446998,1.0,0.0,1.0,0.0,1.0,0.0,0.0,0.0,1.0,0.2334757476752953
0,0.0,0.6666666666666666,0.4,0.495831873839879,0.0,0.0,1.0,0.0,0.0,1.0,0.0,0.0,1.0,0.35913546117114853
0,0.0,0.0,0.0,0.3377209927336551,1.0,0.0,0.0,0.0,1.0,0.0,0.0,0.0,1.0,0.3063583815028902
1,0.0,0.0,0.0,0.3494505372759428,1.0,0.0,1.0,0.0,1.0,0.0,0.0,0.0,1.0,0.39683337521990447
1,0.0,0.0,0.0,0.39134423619738523,1.0,0.0,1.0,0.0,1.0,0.0,0.0,1.0,0.0,0.7738125157074642
1,0.25,0.0,0.2,0.6345889034401546,0.0,0.0,1.0,0.0,0.0,1.0,0.0,0.0,0.0,0.6607187735611963
1,0.0,0.0,0.0,0.530384640071773,1.0,0.0,1.0,0.0,1.0,0.0,0.0,0.0,0.0,0.4470972606182458
1,0.0,0.0,0.0,0.34755366512192026,0.0,1.0,0.0,1.0,0.0,0.0,0.0,0.0,1.0,0.2774566473988439
0,0.0,0.0,0.0,0.3529552840548492,1.0,0.0,1.0,0.0,1.0,0.0,0.0,0.0,1.0,0.19577783362653933
0,0.0,0.0,0.0,0.43917261968469046,1.0,0.0,1.0,0.0,1.0,0.0,0.0,0.0,1.0,0.2334757476752953
1,0.0,0.0,0.0,0.42286368807669106,0.0,0.0,1.0,1.0,0.0,0.0,0.0,1.0,0.0,0.4219653179190751
1,0.125,0.0,0.1,0.6475482867996226,0.0,0.0,1.0,0.0,0.0,1.0,0.0,0.0,0.0,0.4847951746670017
0,0.125,0.0,0.1,0.43874096070747076,0.0,0.0,0.0,0.0,0.0,1.0,0.0,0.0,1.0,0.18333469646986156
1,0.0,0.0,0.0,0.35072669661240763,1.0,0.0,1.0,0.0,1.0,0.0,0.0,0.0,1.0,0.39683337521990447
1,0.125,0.16666666666666666,0.2,0.5502375707421462,0.0,0.0,1.0,1.0,0.0,0.0,0.0,1.0,0.0,0.3088715757728072
1,0.125,0.16666666666666666,0.2,0.7558914972956429,0.0,0.0,0.0,0.0,0.0,1.0,0.0,0.0,0.0,0.4847951746670017
0,0.0,0.0,0.0,0.5281013477114938,1.0,0.0,1.0,0.0,1.0,0.0,0.0,1.0,0.0,0.6732847449107816
0,0.0,0.0,0.0,0.5955240228027343,1.0,0.0,0.0,0.0,1.0,0.0,0.0,0.0,0.0,0.4470972606182458
0,0.0,0.0,0.0,0.3642755682319913,1.0,0.0,0.0,0.0,1.0,0.0,0.0,0.0,1.0,0.4039626941175487
1,0.0,0.3333333333333333,0.2,0.7034412659259898,0.0,0.0,1.0,1.0,0.0,0.0,0.0,0.0,0.0,0.22090977632571
0,0.0,0.0,0.0,0.44425980422982303,1.0,0.0,1.0,0.0,1.0,0.0,0.0,1.0,0.0,0.5853229454636844
1,0.125,0.16666666666666666,0.2,0.7025447166880028,1.0,0.0,0.0,0.0,1.0,0.0,0.0,0.0,0.0,0.7486805730082936
0,0.0,0.0,0.0,0.3529552840548492,1.0,0.0,1.0,0.0,1.0,0.0,0.0,0.0,1.0,0.2711736617240512
0,0.0,0.0,0.0,0.3529552840548492,1.0,0.0,1.0,0.0,1.0,0.0,0.0,0.0,1.0,0.2862528273435537
0,0.0,0.0,0.0,0.3356791332316349,1.0,0.0,1.0,0.0,1.0,0.0,0.0,0.0,1.0,0.4345312892686604
1,0.125,0.0,0.1,0.7006691272358188,0.0,0.0,0.0,0.0,0.0,1.0,0.0,0.0,0.0,0.648152802211611
0,0.0,0.0,0.0,0.33812548386615277,1.0,0.0,1.0,0.0,1.0,0.0,0.0,0.0,1.0,0.5853229454636844
0,0.0,0.3333333333333333,0.2,0.34755366512192026,0.0,1.0,0.0,1.0,0.0,0.0,0.0,0.0,1.0,0.259864291483345
0,0.125,0.0,0.1,0.5281013477114938,1.0,0.0,1.0,0.0,1.0,0.0,0.0,1.0,0.0,0.4596632319678311
0,0.125,0.16666666666666666,0.2,0.5167281848535599,1.0,0.0,1.0,0.0,1.0,0.0,0.0,0.0,1.0,0.4470972606182458
1,0.0,0.0,0.0,0.5650388114700938,0.0,0.0,1.0,1.0,0.0,0.0,0.0,1.0,0.0,0.3552315834041596
0,0.0,0.0,0.0,0.0,1.0,0.0,1.0,0.0,1.0,0.0,0.0,0.0,1.0,0.610454888162855
0,0.0,0.0,0.0,0.33763919258513786,1.0,0.0,0.0,0.0,1.0,0.0,0.0,0.0,1.0,0.4575689034095669
1,0.125,0.0,0.1,0.650420658454538,1.0,0.0,0.0,0.0,0.0,0.0,1.0,0.0,0.0,0.610454888162855
1,0.25,0.16666666666666666,0.30000000000000004,0.5339286391341469,0.0,0.0,1.0,0.0,0.0,1.0,0.0,1.0,0.0,0.2963056044232219
0,0.0,0.0,0.0,0.3502016019446998,1.0,0.0,1.0,0.0,1.0,0.0,0.0,0.0,1.0,0.3332646691342293
0,0.0,0.0,0.0,0.6041514775437852,1.0,0.0,1.0,0.0,1.0,0.0,0.0,0.0,0.0,0.4522786270067287
0,0.0,0.0,0.0,0.3529552840548492,1.0,0.0,1.0,0.0,1.0,0.0,0.0,0.0,1.0,0.5476250314149284
1,0.0,0.0,0.0,0.5313325505056177,1.0,0.0,0.0,0.0,1.0,0.0,0.0,0.0,0.0,0.4345312892686604
0,0.125,0.0,0.1,0.44967525482179704,1.0,0.0,1.0,0.0,1.0,0.0,0.0,0.0,1.0,0.4470972606182458
0,0.0,0.0,0.0,0.3502016019446998,1.0,0.0,1.0,0.0,1.0,0.0,0.0,0.0,1.0,0.37170143252073384
1,0.0,0.0,0.0,0.5528013511027754,1.0,0.0,1.0,0.0,1.0,0.0,0.0,0.0,0.0,0.33400351847197784
1,0.125,0.3333333333333333,0.30000000000000004,0.6010920603306374,0.0,0.0,0.0,0.0,0.0,1.0,0.0,1.0,0.0,0.2711736617240512
1,0.0,0.0,0.0,0.8075657891202526,0.0,0.0,1.0,1.0,0.0,0.0,0.0,0.0,0.0,0.49736114601658704
0,0.125,0.8333333333333333,0.6000000000000001,0.556695873257052,0.0,0.0,1.0,0.0,0.0,1.0,0.0,0.0,1.0,0.4847951746670017
0,0.0,0.0,0.0,0.3341931919415684,1.0,0.0,1.0,0.0,1.0,0.0,0.0,0.0,1.0,0.3465694898215632
1,0.125,0.0,0.1,0.44919043492360855,0.0,1.0,0.0,1.0,0.0,0.0,0.0,0.0,1.0,0.24960198083430082
0,0.0,0.0,0.0,0.34755366512192026,1.0,1.0,0.0,0.0,1.0,0.0,0.0,0.0,1.0,0.648152802211611
0,0.0,0.0,0.0,0.3529552840548492,1.0,0.0,1.0,0.0,1.0,0.0,0.0,0.0,1.0,0.4345312892686604
1,0.125,0.3333333333333333,0.30000000000000004,0.67132033703852,0.0,0.0,1.0,1.0,0.0,0.0,0.0,1.0,0.0,0.2963056044232219
0,0.125,0.16666666666666666,0.2,0.43813551021220537,1.0,0.0,1.0,0.0,1.0,0.0,0.0,0.0,1.0,0.4219653179190751
0,0.125,0.0,0.1,0.45491364524217526,0.0,0.0,1.0,0.0,0.0,1.0,0.0,0.0,1.0,0.32143754712239253
1,0.25,0.16666666666666666,0.30000000000000004,0.5910796833899638,0.0,0.0,1.0,1.0,0.0,0.0,0.0,1.0,0.0,0.04498617743151546
0,0.0,0.0,0.0,0.39134423619738523,1.0,0.0,1.0,0.0,1.0,0.0,0.0,1.0,0.0,0.32143754712239253
0,0.125,0.0,0.1,0.4386984565615303,1.0,0.0,0.0,0.0,1.0,0.0,0.0,0.0,1.0,0.33400351847197784
1,0.125,0.0,0.1,0.6378379970302275,1.0,0.0,1.0,0.0,1.0,0.0,0.0,0.0,0.0,0.5224930887157577
1,0.125,0.16666666666666666,0.2,0.4515205782884459,1.0,0.0,0.0,0.0,1.0,0.0,0.0,0.0,1.0,0.24604171902488062
0,0.0,0.0,0.0,0.3494505372759428,1.0,0.0,1.0,0.0,1.0,0.0,0.0,0.0,1.0,0.2586076903744659
0,0.0,0.0,0.0,0.45491364524217526,1.0,0.0,1.0,0.0,1.0,0.0,0.0,0.0,1.0,0.2586076903744659
0,0.0,0.0,0.0,0.5618055210970822,1.0,0.0,1.0,0.0,1.0,0.0,0.0,0.0,0.0,0.7612465443578789
0,0.0,0.0,0.0,0.415246066809403,1.0,1.0,0.0,0.0,0.0,0.0,1.0,1.0,0.0,0.7109826589595376
1,0.0,0.0,0.0,0.7000444993352338,0.0,0.0,1.0,1.0,0.0,0.0,0.0,0.0,0.0,0.2586076903744659
0,0.0,0.0,0.0,0.3502016019446998,1.0,0.0,1.0,0.0,1.0,0.0,0.0,0.0,1.0,0.32143754712239253
0,0.0,0.0,0.0,0.34724755706710003,1.0,1.0,0.0,0.0,1.0,0.0,0.0,0.0,1.0,0.2586076903744659
1,0.0,0.0,0.0,0.5502375707421462,1.0,0.0,1.0,0.0,1.0,0.0,0.0,0.0,0.0,1.0
0,0.0,0.0,0.0,0.33427676989048954,1.0,0.0,1.0,0.0,1.0,0.0,0.0,0.0,1.0,0.6355868308620256
1,0.0,0.0,0.0,0.5528013511027754,1.0,0.0,0.0,0.0,0.0,0.0,1.0,0.0,0.0,0.39683337521990447
0,0.0,0.0,0.0,0.0,1.0,0.0,1.0,0.0,1.0,0.0,0.0,0.0,0.0,0.4910781603417944
0,0.375,0.3333333333333333,0.5,0.5389979395502239,0.0,0.0,1.0,1.0,0.0,0.0,0.0,0.0,1.0,0.10781603417944208
1,0.0,0.0,0.0,0.42286368807669106,0.0,0.0,1.0,1.0,0.0,0.0,0.0,1.0,0.0,0.34656948982156316
0,0.0,0.0,0.0,0.35072669661240763,1.0,0.0,1.0,0.0,1.0,0.0,0.0,0.0,1.0,0.39683337521990447
0,0.125,0.16666666666666666,0.2,0.5295781586642772,1.0,0.0,1.0,0.0,1.0,0.0,0.0,1.0,0.0,0.38426740387031916
0,0.0,0.8333333333333333,0.5,0.5938102861020564,0.0,0.0,1.0,0.0,0.0,1.0,0.0,0.0,1.0,0.5099271173661725
0,0.125,0.0,0.1,0.45491364524217526,1.0,0.0,1.0,0.0,1.0,0.0,0.0,0.0,1.0,0.33400351847197784
0,0.0,0.0,0.0,0.3494505372759428,1.0,0.0,1.0,0.0,1.0,0.0,0.0,0.0,1.0,0.24604171902488062
1,0.0,0.0,0.0,0.6814337631908569,0.0,0.0,0.0,0.0,0.0,0.0,1.0,0.0,0.0,0.2963056044232219
0,0.375,0.3333333333333333,0.5,0.5389979395502239,0.0,0.0,1.0,1.0,0.0,0.0,0.0,0.0,1.0,0.01985423473234481
1,0.0,0.0,0.0,0.6492173620225161,1.0,0.0,1.0,0.0,1.0,0.0,0.0,0.0,1.0,0.39683337521990447
1,0.25,0.16666666666666666,0.30000000000000004,0.4820708903996448,0.0,0.0,0.0,1.0,0.0,0.0,0.0,0.0,1.0,0.0041467705453631576
1,0.125,0.0,0.1,0.6975306263001565,1.0,0.0,0.0,0.0,1.0,0.0,0.0,0.0,0.0,0.5978889168132697
0,0.0,0.0,0.0,0.3502016019446998,1.0,0.0,1.0,0.0,1.0,0.0,0.0,0.0,1.0,0.2334757476752953
1,0.0,0.0,0.0,0.5764076106287911,1.0,0.0,0.0,0.0,0.0,0.0,1.0,0.0,0.0,0.6984166876099522
0,0.0,0.0,0.0,0.34384869418471947,1.0,0.0,1.0,0.0,1.0,0.0,0.0,0.0,1.0,0.5224930887157577
1,0.0,0.0,0.0,0.34384869418471947,0.0,0.0,1.0,1.0,0.0,0.0,0.0,0.0,1.0,0.2837396330736366
0,0.0,0.0,0.0,0.3502016019446998,1.0,0.0,1.0,0.0,1.0,0.0,0.0,0.0,1.0,0.3332646691342293
1,0.0,0.16666666666666666,0.1,0.5092286357428653,0.0,0.0,1.0,1.0,0.0,0.0,0.0,1.0,0.0,0.22090977632571
0,0.0,0.0,0.0,0.3596019390794455,1.0,0.0,1.0,0.0,1.0,0.0,0.0,0.0,1.0,0.2586076903744659
1,0.0,0.0,0.0,0.34899747688919597,0.0,1.0,0.0,1.0,0.0,0.0,0.0,0.0,1.0,0.26379227289317925
0,0.0,0.0,0.0,0.32810766862723467,0.0,1.0,0.0,1.0,0.0,0.0,0.0,0.0,1.0,0.22090977632571
0,0.25,0.0,0.2,0.6907316473431996,1.0,0.0,1.0,0.0,1.0,0.0,0.0,1.0,0.0,0.2963056044232219
0,0.0,0.0,0.0,0.3502016019446998,1.0,0.0,1.0,0.0,1.0,0.0,0.0,0.0,1.0,0.3332646691342293
0,0.125,0.16666666666666666,0.2,0.44919043492360855,0.0,1.0,0.0,0.0,0.0,1.0,0.0,0.0,1.0,0.39683337521990447
0,0.0,0.0,0.0,0.42286368807669106,1.0,0.0,1.0,0.0,1.0,0.0,0.0,1.0,0.0,0.2837396330736366
0,0.0,0.3333333333333333,0.2,0.7592806561689714,1.0,0.0,0.0,0.0,1.0,0.0,0.0,0.0,0.0,0.723548630309123
1,0.25,0.0,0.2,0.7855702199804014,1.0,0.0,1.0,0.0,0.0,0.0,1.0,0.0,0.0,0.6230208595124404
0,0.0,0.0,0.0,0.33763919258513786,1.0,0.0,0.0,0.0,1.0,0.0,0.0,0.0,1.0,0.49736114601658704
0,0.0,0.0,0.0,0.5256344530864218,1.0,0.0,1.0,0.0,1.0,0.0,0.0,0.0,0.0,0.5853229454636844
0,0.0,0.0,0.0,0.34282971590727757,1.0,0.0,1.0,0.0,1.0,0.0,0.0,0.0,1.0,0.4470972606182458
1,0.125,0.0,0.1,0.35072669661240763,1.0,0.0,1.0,0.0,1.0,0.0,0.0,0.0,1.0,0.24604171902488062
0,0.25,0.0,0.2,0.6907316473431996,1.0,0.0,1.0,0.0,1.0,0.0,0.0,1.0,0.0,0.39683337521990447
0,0.0,0.0,0.0,0.42286368807669106,1.0,0.0,1.0,0.0,1.0,0.0,0.0,1.0,0.0,0.3088715757728072
0,0.0,0.0,0.0,0.34801082050793586,1.0,0.0,1.0,0.0,1.0,0.0,0.0,0.0,1.0,0.4093993465694898
0,0.0,0.0,0.0,0.3529552840548492,1.0,0.0,1.0,0.0,1.0,0.0,0.0,0.0,1.0,0.5350590600653431
1,0.125,0.0,0.1,0.6361712049470615,0.0,0.0,1.0,0.0,0.0,1.0,0.0,0.0,0.0,0.4345312892686604
1,0.125,0.16666666666666666,0.2,0.5910796833899638,0.0,0.0,1.0,0.0,0.0,1.0,0.0,1.0,0.0,0.49736114601658704
0,0.125,0.0,0.1,0.6361712049470615,1.0,0.0,1.0,0.0,1.0,0.0,0.0,0.0,0.0,0.38426740387031916
0,0.0,0.0,0.0,0.39134423619738523,1.0,0.0,1.0,0.0,1.0,0.0,0.0,1.0,0.0,0.8743402865041467
1,0.0,0.0,0.0,0.42286368807669106,1.0,0.0,1.0,0.0,1.0,0.0,0.0,1.0,0.0,0.38426740387031916
0,0.0,0.0,0.0,0.0,1.0,0.0,1.0,0.0,1.0,0.0,0.0,1.0,0.0,0.4144257351093239
0,0.0,0.0,0.0,0.34801082050793586,1.0,0.0,1.0,0.0,1.0,0.0,0.0,0.0,1.0,0.22090977632571
0,0.0,0.0,0.0,0.3529552840548492,1.0,0.0,1.0,0.0,1.0,0.0,0.0,0.0,1.0,0.30258859009801453
1,0.0,0.0,0.0,0.38189895408024777,0.0,0.0,1.0,1.0,0.0,0.0,0.0,0.0,1.0,0.22090977632571
0,0.125,1.0,0.7000000000000001,0.6199594201430055,0.0,0.0,1.0,0.0,0.0,1.0,0.0,0.0,1.0,0.5350590600653431
1,0.0,0.16666666666666666,0.1,1.0,1.0,0.0,0.0,0.0,1.0,0.0,0.0,0.0,0.0,0.4470972606182458
0,0.0,0.0,0.0,0.3544970553710043,0.0,1.0,0.0,1.0,0.0,0.0,0.0,0.0,1.0,0.2272470473141455
1,0.0,0.0,0.0,0.6975306263001565,1.0,0.0,0.0,0.0,1.0,0.0,0.0,0.0,0.0,0.33400351847197784
0,0.0,0.0,0.0,0.37251505985030076,1.0,0.0,1.0,0.0,1.0,0.0,0.0,0.0,1.0,0.24604171902488062
0,0.625,0.3333333333333333,0.7000000000000001,0.6199594201430055,1.0,0.0,1.0,0.0,1.0,0.0,0.0,0.0,1.0,0.17064589092736868
0,0.125,0.16666666666666666,0.2,0.5910796833899638,1.0,0.0,1.0,0.0,1.0,0.0,0.0,1.0,0.0,0.7486805730082936
0,0.125,0.3333333333333333,0.30000000000000004,0.6010920603306374,1.0,0.0,0.0,0.0,1.0,0.0,0.0,1.0,0.0,0.3088715757728072
0,0.5,0.16666666666666666,0.5,0.5938102861020564,1.0,0.0,1.0,0.0,1.0,0.0,0.0,0.0,1.0,0.17064589092736868
0,0.0,0.0,0.0,0.38669046451768996,1.0,0.0,1.0,0.0,1.0,0.0,0.0,0.0,1.0,0.2334757476752953
0,0.0,0.0,0.0,0.348390182281133,1.0,0.0,1.0,0.0,1.0,0.0,0.0,0.0,1.0,0.22090977632571
1,0.0,0.16666666666666666,0.1,0.8585559919103046,0.0,0.0,1.0,1.0,0.0,0.0,0.0,0.0,0.0,0.18321186227695402
1,0.125,0.0,0.1,0.6506163725193498,1.0,0.0,1.0,0.0,1.0,0.0,0.0,0.0,0.0,0.38426740387031916
1,0.0,0.16666666666666666,0.1,0.42756330602760173,0.0,0.0,0.0,1.0,0.0,0.0,0.0,0.0,1.0,0.04498617743151546
1,0.0,0.0,0.0,0.6492173620225161,1.0,0.0,1.0,0.0,1.0,0.0,0.0,0.0,1.0,0.39683337521990447
0,0.0,0.0,0.0,0.33763919258513786,1.0,0.0,0.0,0.0,1.0,0.0,0.0,0.0,1.0,0.3088715757728072
0,0.0,0.0,0.0,0.5313325505056177,1.0,0.0,1.0,0.0,0.0,0.0,1.0,0.0,0.0,0.7486805730082936
0,0.0,0.0,0.0,0.42848647040443827,1.0,0.0,1.0,0.0,1.0,0.0,0.0,1.0,0.0,0.648152802211611
0,0.0,0.0,0.0,0.3529552840548492,1.0,0.0,1.0,0.0,1.0,0.0,0.0,0.0,1.0,0.5476250314149284
1,0.0,0.0,0.0,0.34724755706710003,0.0,1.0,0.0,1.0,0.0,0.0,0.0,0.0,1.0,0.19577783362653933
0,0.125,0.16666666666666666,0.2,0.7558914972956429,1.0,0.0,0.0,0.0,1.0,0.0,0.0,0.0,0.0,0.610454888162855
0,0.0,0.0,0.0,0.345711887900344,1.0,0.0,1.0,0.0,1.0,0.0,0.0,0.0,1.0,0.5224930887157577
1,0.125,0.0,0.1,0.8703280791561688,0.0,0.0,0.0,0.0,0.0,1.0,0.0,0.0,0.0,0.22090977632571
1,0.0,0.0,0.0,0.5297985110081134,1.0,0.0,1.0,0.0,1.0,0.0,0.0,0.0,0.0,0.4345312892686604
0,0.0,0.16666666666666666,0.1,0.4386984565615303,0.0,0.0,0.0,1.0,0.0,0.0,0.0,0.0,1.0,0.22090977632571
0,0.0,0.0,0.0,0.3474016006811963,1.0,1.0,0.0,0.0,1.0,0.0,0.0,0.0,1.0,0.3088715757728072
0,0.125,0.0,0.1,0.3494505372759428,1.0,0.0,1.0,0.0,1.0,0.0,0.0,0.0,1.0,0.32143754712239253
0,0.0,0.0,0.0,0.5281013477114938,1.0,0.0,1.0,0.0,1.0,0.0,0.0,1.0,0.0,0.4847951746670017
1,0.0,0.0,0.0,0.42848647040443827,0.0,0.0,1.0,0.0,0.0,1.0,0.0,1.0,0.0,0.5601910027645137
1,0.0,0.0,0.0,0.5297985110081134,1.0,0.0,1.0,0.0,1.0,0.0,0.0,0.0,0.0,0.5224930887157577
1,0.0,0.0,0.0,0.8055694580427181,0.0,0.0,1.0,1.0,0.0,0.0,0.0,0.0,0.0,0.2711736617240512
1,0.125,0.16666666666666666,0.2,0.4467026649062168,1.0,0.0,0.0,0.0,0.0,0.0,0.0,0.0,1.0,0.0825098927570323
1,0.0,0.0,0.0,0.6284423071472074,0.0,0.0,0.0,0.0,0.0,0.0,1.0,0.0,0.0,0.2963056044232219
0,0.0,0.0,0.0,0.5313325505056177,1.0,0.0,1.0,0.0,1.0,0.0,0.0,0.0,0.0,0.7204071374717266
1,0.125,0.0,0.1,0.6361712049470615,1.0,0.0,1.0,0.0,1.0,0.0,0.0,0.0,0.0,0.5978889168132697
0,0.0,0.0,0.0,0.37651251911406697,1.0,0.0,1.0,0.0,1.0,0.0,0.0,0.0,1.0,0.35913546117114853
0,0.0,0.0,0.0,0.42286368807669106,1.0,0.0,1.0,0.0,1.0,0.0,0.0,1.0,0.0,0.648152802211611
0,0.0,0.0,0.0,0.345711887900344,1.0,0.0,1.0,0.0,1.0,0.0,0.0,0.0,1.0,0.2334757476752953
1,0.0,0.0,0.0,0.8703280791561688,0.0,0.0,0.0,1.0,0.0,0.0,0.0,0.0,0.0,0.4722292033174164
1,0.0,0.0,0.0,0.39134423619738523,0.0,0.0,1.0,1.0,0.0,0.0,0.0,1.0,0.0,0.33400351847197784
0,0.0,0.0,0.0,0.44919043492360855,1.0,1.0,0.0,0.0,1.0,0.0,0.0,0.0,1.0,0.595375722543354
0,0.0,0.0,0.0,0.34801082050793586,1.0,0.0,1.0,0.0,1.0,0.0,0.0,0.0,1.0,0.4093993465694898
1,0.0,0.16666666666666666,0.1,0.5650388114700938,0.0,0.0,1.0,1.0,0.0,0.0,0.0,1.0,0.0,0.0701181201306861
0,0.125,0.0,0.1,0.33427676989048954,1.0,0.0,1.0,0.0,1.0,0.0,0.0,0.0,1.0,0.20834380497612465
0,0.0,0.0,0.0,0.42286368807669106,1.0,0.0,1.0,0.0,1.0,0.0,0.0,1.0,0.0,0.4219653179190751
0,0.0,0.0,0.0,0.42286368807669106,1.0,0.0,1.0,0.0,1.0,0.0,0.0,1.0,0.0,0.6230208595124404
1,0.125,0.0,0.1,0.6394627518675874,1.0,0.0,1.0,0.0,1.0,0.0,0.0,0.0,0.0,0.33400351847197784
0,0.0,0.0,0.0,0.36344855811683735,1.0,0.0,1.0,0.0,1.0,0.0,0.0,0.0,1.0,0.24604171902488062
1,0.375,0.0,0.30000000000000004,0.4952865544680222,0.0,0.0,1.0,0.0,0.0,1.0,0.0,1.0,0.0,0.37170143252073384
1,0.0,0.0,0.0,0.3473245973858278,0.0,1.0,0.0,1.0,0.0,0.0,0.0,0.0,1.0,0.24172882100150592
0,0.125,0.0,0.1,0.5281013477114938,1.0,0.0,1.0,0.0,1.0,0.0,0.0,1.0,0.0,0.3088715757728072
0,0.125,0.0,0.1,0.35072669661240763,0.0,0.0,1.0,1.0,0.0,0.0,0.0,0.0,1.0,0.3088715757728072
1,0.0,0.0,0.0,0.8585559919103046,0.0,0.0,1.0,1.0,0.0,0.0,0.0,0.0,0.0,0.35913546117114853
0,0.0,0.0,0.0,0.4783031492847506,1.0,0.0,0.0,0.0,1.0,0.0,0.0,0.0,1.0,0.1329479768786127
0,0.0,0.0,0.0,0.0,1.0,0.0,1.0,0.0,1.0,0.0,0.0,1.0,0.0,0.4144257351093239
0,0.0,0.0,0.0,0.42286368807669106,1.0,0.0,1.0,0.0,1.0,0.0,0.0,1.0,0.0,0.2837396330736366
0,0.0,0.0,0.0,0.42286368807669106,1.0,0.0,1.0,0.0,1.0,0.0,0.0,1.0,0.0,0.2837396330736366
0,0.0,0.0,0.0,0.45491364524217526,1.0,0.0,1.0,0.0,1.0,0.0,0.0,0.0,1.0,0.35285247549635584
0,0.125,0.5,0.4,0.5713912159474593,0.0,0.0,1.0,0.0,0.0,1.0,0.0,0.0,1.0,0.5978889168132697
1,0.0,0.0,0.0,1.0,1.0,0.0,0.0,0.0,1.0,0.0,0.0,0.0,0.0,0.4345312892686604
0,0.0,0.0,0.0,0.3502016019446998,1.0,0.0,1.0,0.0,1.0,0.0,0.0,0.0,1.0,0.3332646691342293
0,0.0,0.0,0.0,0.3502016019446998,1.0,0.0,1.0,0.0,1.0,0.0,0.0,0.0,1.0,0.3332646691342293
1,0.0,0.0,0.0,0.5502375707421462,1.0,0.0,1.0,0.0,1.0,0.0,0.0,0.0,0.0,0.6795677305855743
0,0.125,0.0,0.1,0.7018439158340847,1.0,0.0,1.0,0.0,1.0,0.0,0.0,0.0,0.0,0.4470972606182458
1,0.25,0.3333333333333333,0.4,0.8930704502718892,0.0,0.0,0.0,1.0,0.0,0.0,0.0,0.0,0.0,0.2586076903744659
0,0.125,0.0,0.1,0.45491364524217526,1.0,0.0,1.0,0.0,1.0,0.0,0.0,0.0,1.0,0.2963056044232219
1,0.0,0.0,0.0,0.35072669661240763,1.0,0.0,1.0,0.0,1.0,0.0,0.0,0.0,1.0,0.38426740387031916
0,0.125,0.16666666666666666,0.2,0.6852624183133631,1.0,0.0,1.0,0.0,0.0,0.0,1.0,0.0,0.0,0.8743402865041467
0,0.125,0.16666666666666666,0.2,0.4897287885153229,1.0,0.0,1.0,0.0,1.0,0.0,0.0,0.0,1.0,0.19577783362653933
1,0.0,0.0,0.0,0.42286368807669106,0.0,0.0,1.0,1.0,0.0,0.0,0.0,1.0,0.0,0.37170143252073384
0,0.125,0.0,0.1,0.6394627518675874,1.0,0.0,1.0,0.0,1.0,0.0,0.0,0.0,0.0,0.2334757476752953
0,0.0,0.0,0.0,0.34755366512192026,1.0,1.0,0.0,0.0,1.0,0.0,0.0,0.0,1.0,0.38426740387031916
1,0.125,0.16666666666666666,0.2,0.5092286357428653,0.0,0.0,1.0,1.0,0.0,0.0,0.0,1.0,0.0,0.04498617743151546
1,0.0,0.16666666666666666,0.1,0.4167393940590734,1.0,0.0,1.0,0.0,0.0,0.0,0.0,0.0,1.0,0.0701181201306861
0,0.0,0.0,0.0,0.3767675685322775,1.0,0.0,1.0,0.0,1.0,0.0,0.0,0.0,1.0,0.4093993465694898
0,0.0,0.0,0.0,0.3502016019446998,1.0,0.0,1.0,0.0,1.0,0.0,0.0,0.0,1.0,0.2837396330736366
1,0.125,0.3333333333333333,0.30000000000000004,0.67132033703852,0.0,0.0,1.0,0.0,0.0,1.0,0.0,1.0,0.0,0.5978889168132697
1,0.125,0.16666666666666666,0.2,0.43917261968469046,1.0,0.0,1.0,0.0,0.0,0.0,0.0,1.0,0.0,0.003141492837396331
0,0.0,0.0,0.0,0.348390182281133,1.0,0.0,1.0,0.0,1.0,0.0,0.0,0.0,1.0,0.34656948982156316
0,0.0,0.0,0.0,0.40470470937773706,1.0,0.0,1.0,0.0,1.0,0.0,0.0,1.0,0.0,0.22090977632571
0,0.0,0.0,0.0,0.3529552840548492,1.0,0.0,1.0,0.0,1.0,0.0,0.0,0.0,1.0,0.4219653179190751
1,0.0,0.0,0.0,0.7165034463969725,0.0,0.0,1.0,0.0,0.0,0.0,1.0,0.0,0.0,0.4093993465694898
0,0.0,0.0,0.0,0.43917261968469046,1.0,0.0,1.0,0.0,1.0,0.0,0.0,0.0,1.0,0.2334757476752953
0,0.0,0.0,0.0,0.3356791332316349,1.0,0.0,1.0,0.0,1.0,0.0,0.0,0.0,1.0,0.5099271173661725
1,0.0,0.0,0.0,0.3377209927336551,1.0,0.0,0.0,0.0,1.0,0.0,0.0,0.0,1.0,0.24604171902488062
1,0.125,0.3333333333333333,0.30000000000000004,0.7684432068211329,0.0,0.0,1.0,0.0,0.0,1.0,0.0,0.0,0.0,0.4470972606182458
0,0.0,0.0,0.0,0.34801082050793586,1.0,0.0,1.0,0.0,1.0,0.0,0.0,0.0,1.0,0.19577783362653933
1,0.125,0.0,0.1,0.7000444993352338,0.0,0.0,1.0,0.0,0.0,1.0,0.0,0.0,0.0,0.6355868308620256
0,0.0,0.0,0.0,0.593465328263533,1.0,0.0,0.0,0.0,0.0,0.0,1.0,0.0,0.0,0.5878006450465438
0,0.0,0.0,0.0,0.34755366512192026,0.0,1.0,0.0,1.0,0.0,0.0,0.0,0.0,1.0,0.3779844181955265
0,0.125,0.0,0.1,0.5167281848535599,1.0,1.0,0.0,0.0,1.0,0.0,0.0,0.0,1.0,0.6148939000720144
0,0.0,0.0,0.0,0.3583948034719131,1.0,0.0,1.0,0.0,1.0,0.0,0.0,0.0,1.0,0.39683337521990447
0,0.0,0.0,0.0,0.3767675685322775,1.0,0.0,1.0,0.0,1.0,0.0,0.0,0.0,1.0,0.2963056044232219
0,0.0,0.0,0.0,0.3494505372759428,1.0,0.0,1.0,0.0,1.0,0.0,0.0,0.0,1.0,0.5978889168132697
0,0.0,0.0,0.0,0.39134423619738523,0.0,0.0,1.0,0.0,0.0,1.0,0.0,1.0,0.0,0.7109826589595376
0,0.0,0.0,0.0,0.33763919258513786,1.0,0.0,0.0,0.0,1.0,0.0,0.0,0.0,1.0,0.4575689034095669
1,0.125,0.5,0.4,0.5092286357428653,0.0,0.0,1.0,0.0,0.0,1.0,0.0,1.0,0.0,0.6732847449107816
0,0.0,0.0,0.0,0.34755366512192026,1.0,0.0,1.0,0.0,1.0,0.0,0.0,0.0,1.0,0.22090977632571
0,0.0,0.0,0.0,0.34755366512192026,1.0,1.0,0.0,0.0,1.0,0.0,0.0,0.0,1.0,0.648152802211611
1,0.0,0.0,0.0,0.4167393940590734,0.0,0.0,1.0,1.0,0.0,0.0,0.0,0.0,1.0,0.05755214878110078
0,0.0,0.0,0.0,0.3473245973858278,1.0,1.0,0.0,0.0,1.0,0.0,0.0,0.0,1.0,0.4220684762882879
1,0.0,0.16666666666666666,0.1,0.8585559919103046,0.0,0.0,1.0,0.0,0.0,1.0,0.0,0.0,0.0,0.5350590600653431
1,0.0,0.0,0.0,0.3377209927336551,0.0,0.0,0.0,1.0,0.0,0.0,0.0,0.0,1.0,0.15807991957778336
1,0.125,0.0,0.1,0.6506163725193498,0.0,0.0,1.0,0.0,0.0,1.0,0.0,0.0,0.0,0.20834380497612465
0,0.0,0.0,0.0,0.5502375707421462,1.0,0.0,1.0,0.0,1.0,0.0,0.0,0.0,0.0,0.35913546117114853
0,0.125,0.3333333333333333,0.30000000000000004,0.5122051830222119,1.0,0.0,1.0,0.0,1.0,0.0,0.0,0.0,1.0,0.3424363537761629
0,0.0,0.0,0.0,0.3341931919415684,1.0,0.0,1.0,0.0,1.0,0.0,0.0,0.0,1.0,0.3088715757728072
0,0.0,0.0,0.0,0.33812548386615277,1.0,0.0,1.0,0.0,1.0,0.0,0.0,0.0,1.0,0.3088715757728072
1,0.0,0.0,0.0,0.34282971590727757,0.0,0.0,1.0,1.0,0.0,0.0,0.0,0.0,1.0,0.22090977632571
0,0.5,0.16666666666666666,0.5,0.5456498136790771,1.0,1.0,0.0,0.0,0.0,0.0,0.0,0.0,1.0,0.09525006282985675
1,0.125,0.3333333333333333,0.30000000000000004,0.49216085751035477,1.0,0.0,1.0,0.0,0.0,0.0,0.0,0.0,1.0,0.007288263382759488
0,0.0,0.0,0.0,0.7025447166880028,1.0,0.0,0.0,0.0,1.0,0.0,0.0,0.0,0.0,0.5727569741140991
0,0.0,0.0,0.0,0.34755366512192026,1.0,1.0,0.0,0.0,1.0,0.0,0.0,0.0,1.0,0.648152802211611
0,0.0,0.0,0.0,0.5281013477114938,1.0,0.0,1.0,0.0,1.0,0.0,0.0,1.0,0.0,0.19577783362653933
0,1.0,0.3333333333333333,1.0,0.682002570512027,0.0,0.0,1.0,1.0,0.0,0.0,0.0,0.0,1.0,0.10882958912166486
0,0.0,0.0,0.0,0.5537942554801266,1.0,0.0,0.0,0.0,1.0,0.0,0.0,0.0,0.0,0.6984166876099522
0,0.0,0.0,0.0,0.3502016019446998,1.0,0.0,1.0,0.0,1.0,0.0,0.0,0.0,1.0,0.3088715757728072
0,0.0,0.0,0.0,0.42286368807669106,1.0,0.0,1.0,0.0,1.0,0.0,0.0,1.0,0.0,0.4847951746670017
1,0.0,0.0,0.0,0.5276806297112894,0.0,0.0,1.0,0.0,0.0,0.0,1.0,0.0,0.0,0.610454888162855
1,0.0,0.0,0.0,0.3637931129710871,0.0,0.0,1.0,0.0,0.0,1.0,0.0,0.0,1.0,0.38426740387031916
0,0.0,0.0,0.0,0.3377209927336551,1.0,0.0,0.0,0.0,1.0,0.0,0.0,0.0,1.0,0.37170143252073384
0,0.125,0.16666666666666666,0.2,0.5167281848535599,0.0,0.0,1.0,0.0,0.0,1.0,0.0,0.0,1.0,0.37170143252073384
0,0.0,0.0,0.0,0.42286368807669106,1.0,0.0,1.0,0.0,1.0,0.0,0.0,1.0,0.0,0.4219653179190751
1,0.125,0.16666666666666666,0.2,0.5295781586642772,0.0,0.0,1.0,0.0,0.0,1.0,0.0,1.0,0.0,0.38426740387031916
1,0.125,0.3333333333333333,0.30000000000000004,0.7684432068211329,1.0,0.0,1.0,0.0,0.0,0.0,0.0,0.0,0.0,0.1329479768786127
1,0.0,0.16666666666666666,0.1,0.36101233552414425,1.0,0.0,0.0,0.0,0.0,0.0,0.0,0.0,1.0,0.0
1,0.0,0.0,0.0,0.33269334148249674,1.0,0.0,1.0,0.0,1.0,0.0,0.0,0.0,1.0,0.33400351847197784
0,0.0,0.0,0.0,0.34801082050793586,1.0,0.0,1.0,0.0,1.0,0.0,0.0,0.0,1.0,0.38426740387031916
0,0.0,0.0,0.0,0.0,1.0,0.0,1.0,0.0,1.0,0.0,0.0,0.0,0.0,0.4847951746670017
0,0.0,0.0,0.0,0.34801082050793586,0.0,0.0,1.0,1.0,0.0,0.0,0.0,0.0,1.0,0.22090977632571
0,0.0,0.0,0.0,0.42286368807669106,1.0,0.0,1.0,0.0,1.0,0.0,0.0,1.0,0.0,0.4847951746670017
1,0.125,0.0,0.1,0.6394627518675874,0.0,0.0,1.0,0.0,0.0,1.0,0.0,0.0,0.0,0.4093993465694898
0,0.0,0.0,0.0,0.3500520309667982,1.0,0.0,1.0,0.0,1.0,0.0,0.0,0.0,1.0,0.32143754712239253
0,0.0,0.0,0.0,0.5167281848535599,1.0,0.0,1.0,0.0,1.0,0.0,0.0,0.0,1.0,0.4847951746670017
0,0.0,0.0,0.0,0.39134423619738523,1.0,0.0,1.0,0.0,1.0,0.0,0.0,1.0,0.0,0.4345312892686604
0,0.5,0.3333333333333333,0.6000000000000001,0.556695873257052,0.0,0.0,1.0,1.0,0.0,0.0,0.0,0.0,1.0,0.0701181201306861
0,0.0,0.0,0.0,0.3529552840548492,1.0,0.0,1.0,0.0,1.0,0.0,0.0,0.0,1.0,0.3779844181955265
0,0.0,0.0,0.0,0.0,1.0,0.0,1.0,0.0,1.0,0.0,0.0,0.0,0.0,0.4910781603417944
0,0.0,0.0,0.0,0.35072669661240763,0.0,0.0,1.0,1.0,0.0,0.0,0.0,0.0,1.0,0.2837396330736366
0,0.125,0.16666666666666666,0.2,0.5828785214020847,1.0,0.0,0.0,0.0,1.0,0.0,0.0,1.0,0.0,0.38426740387031916
0,0.0,0.0,0.0,0.3217818660681474,1.0,0.0,1.0,0.0,1.0,0.0,0.0,0.0,1.0,0.5350590600653431
0,0.375,0.3333333333333333,0.5,0.5389979395502239,1.0,0.0,1.0,0.0,0.0,0.0,0.0,0.0,1.0,0.12038200552902739
1,0.125,0.16666666666666666,0.2,0.7288351336732733,0.0,0.0,1.0,0.0,0.0,1.0,0.0,0.0,0.0,0.648152802211611
1,0.0,0.0,0.0,0.36344855811683735,1.0,0.0,1.0,0.0,1.0,0.0,0.0,0.0,1.0,0.33400351847197784
0,0.0,0.0,0.0,0.0,1.0,0.0,1.0,0.0,0.0,0.0,1.0,0.0,0.0,0.4722292033174164
1,0.0,0.16666666666666666,0.1,0.4167393940590734,0.0,0.0,1.0,0.0,0.0,1.0,0.0,0.0,1.0,0.33400351847197784
0,0.5,0.16666666666666666,0.5,0.5938102861020564,1.0,0.0,1.0,0.0,0.0,0.0,0.0,0.0,1.0,0.01985423473234481
0,0.0,0.0,0.0,0.3321902551850515,1.0,1.0,0.0,0.0,1.0,0.0,0.0,0.0,1.0,0.4037429743066416
0,0.0,0.0,0.0,0.6492173620225161,1.0,0.0,1.0,0.0,1.0,0.0,0.0,0.0,1.0,0.39683337521990447
1,0.0,0.3333333333333333,0.2,0.5828785214020847,1.0,0.0,0.0,0.0,0.0,0.0,0.0,1.0,0.0,0.007288263382759488
1,0.0,0.0,0.0,0.34755366512192026,1.0,1.0,0.0,0.0,1.0,0.0,0.0,0.0,1.0,0.648152802211611
1,0.0,0.0,0.0,0.7041351302819917,0.0,0.0,1.0,0.0,0.0,1.0,0.0,0.0,0.0,0.7738125157074642
1,0.125,0.0,0.1,0.4386984565615303,0.0,0.0,0.0,0.0,0.0,1.0,0.0,0.0,1.0,0.18321186227695402
1,0.125,0.16666666666666666,0.2,0.47799919815831027,1.0,0.0,1.0,0.0,0.0,0.0,0.0,1.0,0.0,0.005152048253329982
0,0.0,0.0,0.0,0.3377209927336551,1.0,0.0,0.0,0.0,1.0,0.0,0.0,0.0,1.0,0.3063583815028902
0,0.0,0.0,0.0,0.3494505372759428,1.0,0.0,1.0,0.0,1.0,0.0,0.0,0.0,1.0,0.2837396330736366
0,0.0,0.0,0.0,0.35732157203759196,1.0,0.0,1.0,0.0,1.0,0.0,0.0,0.0,1.0,0.22090977632571
1,0.125,0.16666666666666666,0.2,0.710264100162358,0.0,0.0,0.0,1.0,0.0,0.0,0.0,0.0,0.0,0.4847951746670017
0,0.0,0.0,0.0,0.36344855811683735,1.0,0.0,1.0,0.0,1.0,0.0,0.0,0.0,1.0,0.2586076903744659
0,0.0,0.0,0.0,0.3529552840548492,1.0,0.0,1.0,0.0,1.0,0.0,0.0,0.0,1.0,0.2862528273435537
1,0.0,0.0,0.0,0.6492173620225161,1.0,0.0,1.0,0.0,1.0,0.0,0.0,0.0,1.0,0.39683337521990447
1,0.0,0.0,0.0,0.5486793783580444,1.0,0.0,0.0,0.0,1.0,0.0,0.0,0.0,0.0,0.7235437059500776
0,0.0,0.0,0.0,0.35072669661240763,1.0,0.0,1.0,0.0,1.0,0.0,0.0,0.0,1.0,0.24604171902488062
0,0.0,0.0,0.0,0.39134423619738523,1.0,0.0,1.0,0.0,1.0,0.0,0.0,1.0,0.0,0.19577783362653933
1,0.0,0.0,0.0,0.5553247552872789,0.0,0.0,0.0,1.0,0.0,0.0,0.0,0.0,0.0,0.37170143252073384
0,0.0,0.0,0.0,0.3215127932020503,1.0,0.0,0.0,0.0,1.0,0.0,0.0,0.0,1.0,0.4282483035938678
0,0.0,0.0,0.0,0.36344855811683735,1.0,0.0,1.0,0.0,1.0,0.0,0.0,0.0,1.0,0.20834380497612465
0,0.0,0.0,0.0,0.34384869418471947,1.0,0.0,1.0,0.0,1.0,0.0,0.0,0.0,1.0,0.5224930887157577
0,1.0,0.3333333333333333,1.0,0.682002570512027,1.0,0.0,1.0,0.0,1.0,0.0,0.0,0.0,1.0,0.22511557811650285
0,0.0,0.0,0.0,0.3502016019446998,1.0,0.0,0.0,0.0,1.0,0.0,0.0,0.0,1.0,0.4345312892686604
0,0.0,0.16666666666666666,0.1,0.5650388114700938,1.0,0.0,1.0,0.0,0.0,0.0,1.0,1.0,0.0,0.34656948982156316
1,0.125,0.0,0.1,0.7212027531446069,0.0,0.0,0.0,0.0,0.0,1.0,0.0,0.0,0.0,0.35544080316077886
0,0.5,0.3333333333333333,0.6000000000000001,0.556695873257052,1.0,0.0,1.0,0.0,0.0,0.0,0.0,0.0,1.0,0.04498617743151546
0,0.0,0.0,0.0,0.34801082050793586,1.0,0.0,1.0,0.0,1.0,0.0,0.0,0.0,1.0,0.9246041719024881
0,0.125,0.16666666666666666,0.2,0.4467026649062168,0.0,0.0,0.0,1.0,0.0,0.0,0.0,0.0,1.0,0.10781603417944208
1,0.0,0.16666666666666666,0.1,0.5926740533018775,0.0,0.0,1.0,1.0,0.0,0.0,0.0,0.0,0.0,0.19577783362653933
0,0.125,0.0,0.1,0.5281013477114938,0.0,0.0,1.0,0.0,0.0,1.0,0.0,1.0,0.0,0.5476250314149284
1,0.0,0.16666666666666666,0.1,0.37446202006332885,0.0,0.0,1.0,0.0,0.0,1.0,0.0,0.0,1.0,0.22090977632571
1,0.125,0.16666666666666666,0.2,0.8189796728879717,0.0,0.0,1.0,0.0,0.0,1.0,0.0,0.0,0.0,0.5601910027645137
1,0.0,0.0,0.0,0.5313325505056177,1.0,0.0,1.0,0.0,1.0,0.0,0.0,0.0,0.0,0.6355868308620256
1,0.0,0.5,0.30000000000000004,0.4820708903996448,0.0,0.0,0.0,0.0,0.0,1.0,0.0,0.0,1.0,0.2963056044232219
0,0.0,0.0,0.0,0.3377209927336551,1.0,0.0,0.0,0.0,1.0,0.0,0.0,0.0,1.0,0.3063583815028902
0,0.25,0.0,0.2,0.4350713376474861,1.0,0.0,1.0,0.0,1.0,0.0,0.0,0.0,1.0,0.5099271173661725
0,0.125,0.0,0.1,0.40470470937773706,1.0,0.0,1.0,0.0,1.0,0.0,0.0,1.0,0.0,0.2586076903744659
1,0.0,0.0,0.0,0.5276806297112894,0.0,0.0,1.0,0.0,0.0,1.0,0.0,0.0,0.0,0.5978889168132697
0,1.0,0.3333333333333333,1.0,0.682002570512027,0.0,0.0,1.0,1.0,0.0,0.0,0.0,0.0,1.0,0.10882958912166486
0,0.0,0.0,0.0,0.42286368807669106,1.0,0.0,1.0,0.0,1.0,0.0,0.0,1.0,0.0,0.2963056044232219
1,0.0,0.0,0.0,0.42286368807669106,0.0,0.0,1.0,0.0,0.0,1.0,0.0,1.0,0.0,0.5224930887157577
1,0.125,0.0,0.1,0.4323977515277898,0.0,0.0,0.0,1.0,0.0,0.0,0.0,1.0,0.0,0.33400351847197784
0,0.0,0.0,0.0,0.6315578346731877,1.0,0.0,1.0,0.0,1.0,0.0,0.0,0.0,0.0,0.38426740387031916
0,0.0,0.0,0.0,0.3767675685322775,1.0,0.0,1.0,0.0,1.0,0.0,0.0,0.0,1.0,0.35913546117114853
1,0.125,0.16666666666666666,0.2,0.3999337912742493,1.0,0.0,1.0,0.0,0.0,0.0,0.0,0.0,1.0,0.04498617743151546
0,0.0,0.0,0.0,0.3502016019446998,1.0,0.0,1.0,0.0,1.0,0.0,0.0,0.0,1.0,0.32143754712239253
1,0.125,0.16666666666666666,0.2,0.6378379970302275,0.0,0.0,1.0,0.0,0.0,1.0,0.0,0.0,0.0,0.5853229454636844
0,0.0,0.0,0.0,0.2870987336279537,1.0,0.0,1.0,0.0,1.0,0.0,0.0,0.0,0.0,0.4093993465694898
0,0.0,0.0,0.0,0.36894978127505224,1.0,0.0,1.0,0.0,1.0,0.0,0.0,0.0,1.0,0.5853229454636844
1,0.125,0.0,0.1,0.5157696604351928,0.0,0.0,0.0,0.0,0.0,1.0,0.0,1.0,0.0,0.34656948982156316
1,0.0,0.0,0.0,0.33763919258513786,0.0,0.0,0.0,1.0,0.0,0.0,0.0,0.0,1.0,0.18321186227695402
0,0.0,0.0,0.0,0.3819595377998711,1.0,0.0,1.0,0.0,1.0,0.0,0.0,0.0,1.0,0.24604171902488062
0,0.0,0.0,0.0,0.3502016019446998,1.0,0.0,1.0,0.0,1.0,0.0,0.0,0.0,1.0,0.2334757476752953
0,0.0,0.0,0.0,0.3502016019446998,1.0,0.0,1.0,0.0,1.0,0.0,0.0,0.0,1.0,0.3332646691342293
1,0.0,0.16666666666666666,0.1,0.710264100162358,0.0,0.0,0.0,0.0,0.0,1.0,0.0,0.0,0.0,0.6984166876099522
1,0.0,0.16666666666666666,0.1,0.5281013477114938,0.0,0.0,1.0,0.0,0.0,1.0,0.0,1.0,0.0,0.3088715757728072
0,0.0,0.0,0.0,0.3502016019446998,1.0,0.0,1.0,0.0,1.0,0.0,0.0,0.0,1.0,0.4093993465694898
0,0.0,0.0,0.0,0.3915767533812693,0.0,0.0,1.0,1.0,0.0,0.0,0.0,0.0,1.0,0.2711736617240512
0,0.0,0.0,0.0,0.39134423619738523,1.0,0.0,1.0,0.0,1.0,0.0,0.0,1.0,0.0,0.34656948982156316
0,0.0,0.0,0.0,0.3341931919415684,1.0,0.0,1.0,0.0,1.0,0.0,0.0,0.0,1.0,0.3088715757728072
0,0.0,0.8333333333333333,0.5,0.5456498136790771,0.0,1.0,0.0,0.0,0.0,1.0,0.0,0.0,1.0,0.4847951746670017
0,0.0,0.0,0.0,0.42286368807669106,1.0,0.0,1.0,0.0,0.0,0.0,1.0,1.0,0.0,0.33400351847197784
1,0.0,0.0,0.0,0.5502375707421462,0.0,0.0,1.0,1.0,0.0,0.0,0.0,0.0,0.0,0.2334757476752953
0,0.125,0.3333333333333333,0.30000000000000004,0.5122051830222119,0.0,0.0,1.0,1.0,0.0,0.0,0.0,0.0,1.0,0.11665524880211241
1,0.0,0.0,0.0,0.5502375707421462,1.0,0.0,0.0,0.0,1.0,0.0,0.0,0.0,0.0,0.32143754712239253
0,0.0,0.0,0.0,0.34755366512192026,1.0,1.0,0.0,0.0,1.0,0.0,0.0,0.0,1.0,0.39683337521990447
